0x000000000000000000004005,1517273081,0,-28,0,1,27,2
0x000000000000000000004005,1517273081,0,-28,0,1,27,2
0x000000000000000000004005,1517273081,0,-28,0,1,27,2
0x000000000000000000004005,1517273081,0,-28,0,1,27,2
0x000000000000000000004005,1517273081,0,-27,0,1,27,2
0x000000000000000000004005,1517273082,0,-27,0,1,27,2
0x000000000000000000004005,1517273082,0,-26,0,1,27,2
0x000000000000000000004005,1517273082,0,-28,0,1,27,2
0x000000000000000000004005,1517273083,0,-27,0,1,27,2
0x000000000000000000004005,1517273083,0,-27,0,1,27,2
0x000000000000000000004005,1517273083,0,-32,0,1,27,1
0x000000000000000000004005,1517273083,0,-32,0,1,27,1
0x000000000000000000004005,1517273083,0,-27,0,1,27,2
0x000000000000000000004005,1517273085,0,-28,0,1,27,2
0x000000000000000000004005,1517273085,0,-27,0,1,27,2
0x000000000000000000004005,1517273086,0,-28,0,1,27,2
0x000000000000000000004005,1517273086,0,-28,0,1,27,2
0x000000000000000000004005,1517273086,0,-29,0,1,27,3
0x000000000000000000004005,1517273086,0,-27,0,1,27,2
0x000000000000000000004005,1517273086,0,-32,0,1,27,1
0x000000000000000000004005,1517273086,0,-32,0,1,27,1
0x000000000000000000004005,1517273087,0,-32,0,1,27,1
0x000000000000000000004005,1517273087,0,-32,0,1,27,1
0x000000000000000000004005,1517273087,0,-27,0,1,27,3
0x000000000000000000004005,1517273087,0,-31,0,1,27,1
0x000000000000000000004005,1517273087,0,-27,0,1,27,3
0x000000000000000000004005,1517273087,0,-28,0,1,27,3
0x000000000000000000004005,1517273088,0,-28,0,1,27,2
0x000000000000000000004005,1517273088,0,-28,0,1,27,2
0x000000000000000000004005,1517273088,0,-28,0,1,27,2
0x000000000000000000004005,1517273089,0,-28,0,1,27,2
0x000000000000000000004005,1517273089,0,-28,0,1,27,2
0x000000000000000000004005,1517273089,0,-28,0,1,27,2
0x000000000000000000004005,1517273089,0,-27,0,1,27,2
0x000000000000000000004005,1517273089,0,-30,0,1,27,3
0x000000000000000000004005,1517273090,0,-30,0,1,27,3
0x000000000000000000004005,1517273090,0,-29,0,1,27,2
0x000000000000000000004005,1517273090,0,-29,0,1,27,2
0x000000000000000000004005,1517273090,0,-27,0,1,27,2
0x000000000000000000004005,1517273090,0,-27,0,1,27,2
0x000000000000000000004005,1517273090,0,-27,0,1,27,2
0x000000000000000000004005,1517273090,0,-27,0,1,27,2
0x000000000000000000004005,1517273091,0,-29,0,1,27,3
0x000000000000000000004005,1517273091,0,-30,0,1,27,3
0x000000000000000000004005,1517273091,0,-32,0,1,27,4
0x000000000000000000004005,1517273091,0,-29,0,1,27,2
0x000000000000000000004005,1517273091,0,-31,0,1,27,2
0x000000000000000000004005,1517273093,0,-28,0,1,27,2
0x000000000000000000004005,1517273094,0,-28,0,1,27,3
0x000000000000000000004005,1517273094,0,-28,0,1,27,3
0x000000000000000000004005,1517273094,0,-28,0,1,27,3
0x000000000000000000004005,1517273094,0,-28,0,1,27,2
0x000000000000000000004005,1517273094,0,-31,0,1,27,1
0x000000000000000000004005,1517273094,0,-31,0,1,27,1
0x000000000000000000004005,1517273094,0,-26,0,1,27,2
0x000000000000000000004005,1517273094,0,-27,0,1,27,3
0x000000000000000000004005,1517273095,0,-27,0,1,27,3
0x000000000000000000004005,1517273095,0,-26,0,1,27,2
0x000000000000000000004005,1517273095,0,-26,0,1,27,2
0x000000000000000000004005,1517273095,0,-28,0,1,27,3
0x000000000000000000004005,1517273095,0,-29,0,1,27,3
0x000000000000000000004005,1517273095,0,-29,0,1,27,3
0x000000000000000000004005,1517273095,0,-27,0,1,27,2
0x000000000000000000004005,1517273096,0,-27,0,1,27,2
0x000000000000000000004005,1517273096,0,-27,0,1,27,2
0x000000000000000000004005,1517273096,0,-29,0,1,27,3
0x000000000000000000004005,1517273096,0,-27,0,1,27,2
0x000000000000000000004005,1517273096,0,-27,0,1,27,2
0x000000000000000000004005,1517273097,0,-27,0,1,27,2
0x000000000000000000004005,1517273097,0,-28,0,1,27,2
0x000000000000000000004005,1517273097,0,-27,0,1,27,2
0x000000000000000000004005,1517273097,0,-27,0,1,27,2
0x000000000000000000004005,1517273097,0,-28,0,1,27,2
0x000000000000000000004005,1517273097,0,-29,0,1,27,2
0x000000000000000000004005,1517273098,0,-28,0,1,27,2
0x000000000000000000004005,1517273098,0,-28,0,1,27,2
0x000000000000000000004005,1517273098,0,-26,0,1,27,2
0x000000000000000000004005,1517273099,0,-33,0,1,27,1
0x000000000000000000004005,1517273099,0,-29,0,1,27,2
0x000000000000000000004005,1517273099,0,-29,0,1,27,2
0x000000000000000000004005,1517273100,0,-28,0,1,27,2
0x000000000000000000004005,1517273100,0,-28,0,1,27,2
0x000000000000000000004005,1517273100,0,-27,0,1,27,2
0x000000000000000000004005,1517273100,0,-27,0,1,27,2
0x000000000000000000004005,1517273100,0,-27,0,1,27,2
0x000000000000000000004005,1517273100,0,-27,0,1,27,2
0x000000000000000000004005,1517273100,0,-28,0,1,27,2
0x000000000000000000004005,1517273101,0,-29,0,1,27,3
0x000000000000000000004005,1517273101,0,-29,0,1,27,3
0x000000000000000000004005,1517273101,0,-28,0,1,27,3
0x000000000000000000004005,1517273101,0,-31,0,1,27,1
0x000000000000000000004005,1517273102,0,-28,0,1,27,2
0x000000000000000000004005,1517273102,0,-28,0,1,27,2
0x000000000000000000004005,1517273102,0,-27,0,1,27,2
0x000000000000000000004005,1517273102,0,-27,0,1,27,3
0x000000000000000000004005,1517273102,0,-23,0,1,27,2
0x000000000000000000004005,1517273103,0,-26,0,1,27,2
0x000000000000000000004005,1517273103,0,-26,0,1,27,2
0x000000000000000000004005,1517273103,0,-27,0,1,27,2
0x000000000000000000004005,1517273103,0,-27,0,1,27,2
0x000000000000000000004005,1517273103,0,-27,0,1,27,2
0x000000000000000000004005,1517273104,0,-28,0,1,27,2
0x000000000000000000004005,1517273104,0,-28,0,1,27,2
0x000000000000000000004005,1517273104,0,-35,0,1,27,1
0x000000000000000000004005,1517273104,0,-28,0,1,27,2
0x000000000000000000004005,1517273104,0,-28,0,1,27,2
0x000000000000000000004005,1517273104,0,-28,0,1,27,2
0x000000000000000000004005,1517273105,0,-35,0,1,27,1
0x000000000000000000004005,1517273105,0,-34,0,1,27,1
0x000000000000000000004005,1517273105,0,-27,0,1,27,2
0x000000000000000000004005,1517273105,0,-28,0,1,27,2
0x000000000000000000004005,1517273105,0,-29,0,1,27,3
0x000000000000000000004005,1517273105,0,-29,0,1,27,3
0x000000000000000000004005,1517273105,0,-29,0,1,27,2
0x000000000000000000004005,1517273105,0,-29,0,1,27,2
0x000000000000000000004005,1517273105,0,-30,0,1,27,4
0x000000000000000000004005,1517273105,0,-30,0,1,27,4
0x000000000000000000004005,1517273106,0,-29,0,1,27,4
0x000000000000000000004005,1517273106,0,-29,0,1,27,4
0x000000000000000000004005,1517273106,0,-28,0,1,27,4
0x000000000000000000004005,1517273106,0,-28,0,1,27,4
0x000000000000000000004005,1517273106,0,-30,0,1,27,4
0x000000000000000000004005,1517273106,0,-30,0,1,27,4
0x000000000000000000004005,1517273106,0,-29,0,1,27,2
0x000000000000000000004005,1517273106,0,-33,0,1,27,1
0x000000000000000000004005,1517273107,0,-29,0,1,27,4
0x000000000000000000004005,1517273107,0,-29,0,1,27,4
0x000000000000000000004005,1517273107,0,-30,0,1,27,2
0x000000000000000000004005,1517273107,0,-30,0,1,27,2
0x000000000000000000004005,1517273107,0,-28,0,1,27,2
0x000000000000000000004005,1517273107,0,-28,0,1,27,2
0x000000000000000000004005,1517273108,0,-27,0,1,27,2
0x000000000000000000004005,1517273108,0,-27,0,1,27,2
0x000000000000000000004005,1517273108,0,-27,0,1,27,2
0x000000000000000000004005,1517273108,0,-28,0,1,27,3
0x000000000000000000004005,1517273108,0,-29,0,1,27,3
0x000000000000000000004005,1517273108,0,-28,0,1,27,2
0x000000000000000000004005,1517273108,0,-28,0,1,27,2
0x000000000000000000004005,1517273109,0,-29,0,1,27,3
0x000000000000000000004005,1517273109,0,-29,0,1,27,3
0x000000000000000000004005,1517273109,0,-32,0,1,27,1
0x000000000000000000004005,1517273109,0,-27,0,1,27,2
0x000000000000000000004005,1517273109,0,-27,0,1,27,2
0x000000000000000000004005,1517273109,0,-28,0,1,27,3
0x000000000000000000004005,1517273109,0,-28,0,1,27,3
0x000000000000000000004005,1517273109,0,-29,0,1,27,2
0x000000000000000000004005,1517273109,0,-29,0,1,27,2
0x000000000000000000004005,1517273110,0,-27,0,1,27,2
0x000000000000000000004005,1517273110,0,-27,0,1,27,2
0x000000000000000000004005,1517273110,0,-27,0,1,27,3
0x000000000000000000004005,1517273110,0,-26,0,1,27,2
0x000000000000000000004005,1517273110,0,-25,0,1,27,2
0x000000000000000000004005,1517273110,0,-27,0,1,27,3
0x000000000000000000004005,1517273110,0,-26,0,1,27,2
0x000000000000000000004005,1517273110,0,-26,0,1,27,2
0x000000000000000000004005,1517273111,0,-27,0,1,27,2
0x000000000000000000004005,1517273111,0,-27,0,1,27,2
0x000000000000000000004005,1517273111,0,-28,0,1,27,2
0x000000000000000000004005,1517273112,0,-34,0,1,27,1
0x000000000000000000004005,1517273112,0,-33,0,1,27,1
0x000000000000000000004005,1517273112,0,-28,0,1,27,2
0x000000000000000000004005,1517273113,0,-29,0,1,27,2
0x000000000000000000004005,1517273113,0,-29,0,1,27,2
0x000000000000000000004005,1517273113,0,-29,0,1,27,2
0x000000000000000000004005,1517273113,0,-27,0,1,27,2
0x000000000000000000004005,1517273113,0,-27,0,1,27,2
0x000000000000000000004005,1517273113,0,-27,0,1,27,2
0x000000000000000000004005,1517273114,0,-29,0,1,27,4
0x000000000000000000004005,1517273114,0,-29,0,1,27,2
0x000000000000000000004005,1517273114,0,-30,0,1,27,2
0x000000000000000000004005,1517273114,0,-31,0,1,27,2
0x000000000000000000004005,1517273115,0,-29,0,1,27,2
0x000000000000000000004005,1517273115,0,-28,0,1,27,2
0x000000000000000000004005,1517273115,0,-28,0,1,27,2
0x000000000000000000004005,1517273115,0,-28,0,1,27,2
0x000000000000000000004005,1517273116,0,-27,0,1,27,2
0x000000000000000000004005,1517273117,0,-29,0,1,27,4
0x000000000000000000004005,1517273117,0,-29,0,1,27,4
0x000000000000000000004005,1517273117,0,-29,0,1,27,2
0x000000000000000000004005,1517273117,0,-27,0,1,27,2
0x000000000000000000004005,1517273117,0,-26,0,1,27,2
0x000000000000000000004005,1517273117,0,-25,0,1,27,2
0x000000000000000000004005,1517273117,0,-26,0,1,27,2
0x000000000000000000004005,1517273118,0,-26,0,1,27,2
0x000000000000000000004005,1517273118,0,-26,0,1,27,2
0x000000000000000000004005,1517273118,0,-28,0,1,27,3
0x000000000000000000004005,1517273118,0,-28,0,1,27,3
0x000000000000000000004005,1517273118,0,-28,0,1,27,3
0x000000000000000000004005,1517273118,0,-29,0,1,27,3
0x000000000000000000004005,1517273118,0,-29,0,1,27,3
0x000000000000000000004005,1517273118,0,-29,0,1,27,3
0x000000000000000000004005,1517273119,0,-27,0,1,27,2
0x000000000000000000004005,1517273119,0,-34,0,1,27,1
0x000000000000000000004005,1517273119,0,-34,0,1,27,1
0x000000000000000000004005,1517273119,0,-28,0,1,27,2
0x000000000000000000004005,1517273120,0,-30,0,1,27,3
0x000000000000000000004005,1517273120,0,-28,0,1,27,2
0x000000000000000000004005,1517273120,0,-28,0,1,27,2
0x000000000000000000004005,1517273121,0,-29,0,1,27,3
0x000000000000000000004005,1517273121,0,-29,0,1,27,3
0x000000000000000000004005,1517273121,0,-27,0,1,27,2
0x000000000000000000004005,1517273121,0,-26,0,1,27,2
0x000000000000000000004005,1517273121,0,-27,0,1,27,2
0x000000000000000000004005,1517273122,0,-30,0,1,27,3
0x000000000000000000004005,1517273122,0,-30,0,1,27,3
0x000000000000000000004005,1517273122,0,-30,0,1,27,2
0x000000000000000000004005,1517273122,0,-30,0,1,27,2
0x000000000000000000004005,1517273123,0,-29,0,1,27,3
0x000000000000000000004005,1517273123,0,-28,0,1,27,2
0x000000000000000000004005,1517273124,0,-27,0,1,27,2
0x000000000000000000004005,1517273124,0,-28,0,1,27,3
0x000000000000000000004005,1517273124,0,-29,0,1,27,4
0x000000000000000000004005,1517273124,0,-29,0,1,27,4
0x000000000000000000004005,1517273124,0,-27,0,1,27,2
0x000000000000000000004005,1517273124,0,-27,0,1,27,2
0x000000000000000000004005,1517273124,0,-31,0,1,27,3
0x000000000000000000004005,1517273124,0,-31,0,1,27,3
0x000000000000000000004005,1517273125,0,-28,0,1,27,2
0x000000000000000000004005,1517273125,0,-28,0,1,27,2
0x000000000000000000004005,1517273125,0,-29,0,1,27,3
0x000000000000000000004005,1517273125,0,-28,0,1,27,3
0x000000000000000000004005,1517273125,0,-25,0,1,27,2
0x000000000000000000004005,1517273125,0,-31,0,1,27,1
0x000000000000000000004005,1517273125,0,-31,0,1,27,1
0x000000000000000000004005,1517273125,0,-26,0,1,27,2
0x000000000000000000004005,1517273125,0,-26,0,1,27,2
0x000000000000000000004005,1517273126,0,-26,0,1,27,2
0x000000000000000000004005,1517273126,0,-27,0,1,27,2
0x000000000000000000004005,1517273126,0,-27,0,1,27,2
0x000000000000000000004005,1517273126,0,-27,0,1,27,2
0x000000000000000000004005,1517273126,0,-27,0,1,27,2
0x000000000000000000004005,1517273127,0,-28,0,1,27,2
0x000000000000000000004005,1517273127,0,-27,0,1,27,2
0x000000000000000000004005,1517273127,0,-28,0,1,27,2
0x000000000000000000004005,1517273128,0,-28,0,1,27,2
0x000000000000000000004005,1517273128,0,-29,0,1,27,2
0x000000000000000000004005,1517273128,0,-26,0,1,27,2
0x000000000000000000004005,1517273128,0,-26,0,1,27,2
0x000000000000000000004005,1517273129,0,-27,0,1,27,2
0x000000000000000000004005,1517273130,0,-27,0,1,27,2
0x000000000000000000004005,1517273130,0,-27,0,1,27,2
0x000000000000000000004005,1517273130,0,-27,0,1,27,2
0x000000000000000000004005,1517273131,0,-27,0,1,27,2
0x000000000000000000004005,1517273131,0,-29,0,1,27,3
0x000000000000000000004005,1517273131,0,-29,0,1,27,3
0x000000000000000000004005,1517273131,0,-28,0,1,27,2
0x000000000000000000004005,1517273131,0,-28,0,1,27,2
0x000000000000000000004005,1517273131,0,-28,0,1,27,2
0x000000000000000000004005,1517273131,0,-27,0,1,27,2
0x000000000000000000004005,1517273131,0,-27,0,1,27,2
0x000000000000000000004005,1517273132,0,-27,0,1,27,2
0x000000000000000000004005,1517273132,0,-27,0,1,27,2
0x000000000000000000004005,1517273132,0,-28,0,1,27,2
0x000000000000000000004005,1517273132,0,-28,0,1,27,2
0x000000000000000000004005,1517273132,0,-26,0,1,27,2
0x000000000000000000004005,1517273132,0,-26,0,1,27,2
0x000000000000000000004005,1517273132,0,-27,0,1,27,3
0x000000000000000000004005,1517273132,0,-27,0,1,27,3
0x000000000000000000004005,1517273133,0,-26,0,1,27,2
0x000000000000000000004005,1517273133,0,-26,0,1,27,2
0x000000000000000000004005,1517273133,0,-27,0,1,27,2
0x000000000000000000004005,1517273133,0,-27,0,1,27,2
0x000000000000000000004005,1517273133,0,-27,0,1,27,2
0x000000000000000000004005,1517273133,0,-27,0,1,27,2
0x000000000000000000004005,1517273133,0,-29,0,1,27,3
0x000000000000000000004005,1517273133,0,-29,0,1,27,3
0x000000000000000000004005,1517273134,0,-28,0,1,27,2
0x000000000000000000004005,1517273134,0,-28,0,1,27,2
0x000000000000000000004005,1517273134,0,-28,0,1,27,2
0x000000000000000000004005,1517273135,0,-28,0,1,27,2
0x000000000000000000004005,1517273135,0,-33,0,1,27,3
0x000000000000000000004005,1517273135,0,-27,0,1,27,2
0x000000000000000000004005,1517273135,0,-27,0,1,27,2
0x000000000000000000004005,1517273135,0,-28,0,1,27,2
0x000000000000000000004005,1517273135,0,-29,0,1,27,3
0x000000000000000000004005,1517273137,0,-31,0,1,27,2
0x000000000000000000004005,1517273137,0,-31,0,1,27,2
0x000000000000000000004005,1517273137,0,-29,0,1,27,4
0x000000000000000000004005,1517273138,0,-29,0,1,27,4
0x000000000000000000004005,1517273138,0,-29,0,1,27,4
0x000000000000000000004005,1517273138,0,-30,0,1,27,3
0x000000000000000000004005,1517273138,0,-33,0,1,27,1
0x000000000000000000004005,1517273138,0,-33,0,1,27,1
0x000000000000000000004005,1517273138,0,-28,0,1,27,3
0x000000000000000000004005,1517273138,0,-28,0,1,27,3
0x000000000000000000004005,1517273138,0,-28,0,1,27,2
0x000000000000000000004005,1517273139,0,-28,0,1,27,2
0x000000000000000000004005,1517273139,0,-28,0,1,27,2
0x000000000000000000004005,1517273139,0,-28,0,1,27,2
0x000000000000000000004005,1517273140,0,-32,0,1,27,1
0x000000000000000000004005,1517273140,0,-32,0,1,27,1
0x000000000000000000004005,1517273140,0,-26,0,1,27,2
0x000000000000000000004005,1517273140,0,-25,0,1,27,2
0x000000000000000000004005,1517273140,0,-27,0,1,27,3
0x000000000000000000004005,1517273140,0,-25,0,1,27,2
0x000000000000000000004005,1517273140,0,-28,0,1,27,3
0x000000000000000000004005,1517273140,0,-28,0,1,27,3
0x000000000000000000004005,1517273140,0,-29,0,1,27,3
0x000000000000000000004005,1517273140,0,-29,0,1,27,3
0x107010249722621700351874,1517273081,0,-29,0,1,27,2
0x107010249722621700351874,1517273081,0,-29,0,1,27,2
0x107010249722621700351874,1517273082,0,-29,0,1,27,2
0x107010249722621700351874,1517273082,0,-29,0,1,27,2
0x107010249722621700351874,1517273082,0,-29,0,1,27,2
0x107010249722621700351874,1517273082,0,-29,0,1,27,2
0x107010249722621700351874,1517273082,0,-29,0,1,27,2
0x107010249722621700351874,1517273082,0,-29,0,1,27,2
0x107010249722621700351874,1517273084,0,-29,0,1,27,2
0x107010249722621700351874,1517273084,0,-29,0,1,27,2
0x107010249722621700351874,1517273084,0,-29,0,1,27,2
0x107010249722621700351874,1517273084,0,-29,0,1,27,2
0x107010249722621700351874,1517273085,0,-29,0,1,27,2
0x107010249722621700351874,1517273085,0,-29,0,1,27,2
0x107010249722621700351874,1517273085,0,-29,0,1,27,2
0x107010249722621700351874,1517273086,0,-29,0,1,27,2
0x107010249722621700351874,1517273086,0,-29,0,1,27,2
0x107010249722621700351874,1517273087,0,-29,0,1,27,2
0x107010249722621700351874,1517273087,0,-29,0,1,27,2
0x107010249722621700351874,1517273087,0,-29,0,1,27,2
0x107010249722621700351874,1517273088,0,-29,0,1,27,2
0x107010249722621700351874,1517273089,0,-29,0,1,27,2
0x107010249722621700351874,1517273089,0,-29,0,1,27,2
0x107010249722621700351874,1517273089,0,-29,0,1,27,2
0x107010249722621700351874,1517273089,0,-29,0,1,27,2
0x107010249722621700351874,1517273089,0,-29,0,1,27,2
0x107010249722621700351874,1517273089,0,-29,0,1,27,2
0x107010249722621700351874,1517273089,0,-29,0,1,27,2
0x107010249722621700351874,1517273090,0,-29,0,1,27,2
0x107010249722621700351874,1517273090,0,-29,0,1,27,2
0x107010249722621700351874,1517273092,0,-29,0,1,27,2
0x107010249722621700351874,1517273092,0,-29,0,1,27,2
0x107010249722621700351874,1517273092,0,-29,0,1,27,2
0x107010249722621700351874,1517273092,0,-29,0,1,27,2
0x107010249722621700351874,1517273093,0,-30,0,1,27,2
0x107010249722621700351874,1517273093,0,-30,0,1,27,2
0x107010249722621700351874,1517273094,0,-29,0,1,27,2
0x107010249722621700351874,1517273094,0,-29,0,1,27,2
0x107010249722621700351874,1517273095,0,-29,0,1,27,2
0x107010249722621700351874,1517273095,0,-29,0,1,27,2
0x107010249722621700351874,1517273096,0,-29,0,1,27,2
0x107010249722621700351874,1517273096,0,-29,0,1,27,2
0x107010249722621700351874,1517273098,0,-29,0,1,27,2
0x107010249722621700351874,1517273099,0,-29,0,1,27,2
0x107010249722621700351874,1517273099,0,-29,0,1,27,2
0x107010249722621700351874,1517273101,0,-29,0,1,27,2
0x107010249722621700351874,1517273101,0,-29,0,1,27,2
0x107010249722621700351874,1517273102,0,-29,0,1,27,2
0x107010249722621700351874,1517273102,0,-29,0,1,27,2
0x107010249722621700351874,1517273102,0,-29,0,1,27,2
0x107010249722621700351874,1517273102,0,-29,0,1,27,2
0x107010249722621700351874,1517273102,0,-29,0,1,27,2
0x107010249722621700351874,1517273102,0,-29,0,1,27,2
0x107010249722621700351874,1517273103,0,-29,0,1,27,2
0x107010249722621700351874,1517273103,0,-29,0,1,27,2
0x107010249722621700351874,1517273105,0,-29,0,1,27,2
0x107010249722621700351874,1517273106,0,-29,0,1,27,2
0x107010249722621700351874,1517273106,0,-29,0,1,27,2
0x107010249722621700351874,1517273106,0,-29,0,1,27,2
0x107010249722621700351874,1517273107,0,-29,0,1,27,2
0x107010249722621700351874,1517273107,0,-29,0,1,27,2
0x107010249722621700351874,1517273107,0,-29,0,1,27,2
0x107010249722621700351874,1517273107,0,-29,0,1,27,2
0x107010249722621700351874,1517273107,0,-29,0,1,27,2
0x107010249722621700351874,1517273108,0,-29,0,1,27,2
0x107010249722621700351874,1517273108,0,-29,0,1,27,2
0x107010249722621700351874,1517273109,0,-29,0,1,27,2
0x107010249722621700351874,1517273109,0,-29,0,1,27,2
0x107010249722621700351874,1517273109,0,-29,0,1,27,2
0x107010249722621700351874,1517273110,0,-29,0,1,27,2
0x107010249722621700351874,1517273110,0,-29,0,1,27,2
0x107010249722621700351874,1517273110,0,-29,0,1,27,2
0x107010249722621700351874,1517273110,0,-29,0,1,27,2
0x107010249722621700351874,1517273111,0,-29,0,1,27,2
0x107010249722621700351874,1517273111,0,-29,0,1,27,2
0x107010249722621700351874,1517273112,0,-29,0,1,27,2
0x107010249722621700351874,1517273112,0,-29,0,1,27,2
0x107010249722621700351874,1517273112,0,-29,0,1,27,2
0x107010249722621700351874,1517273112,0,-29,0,1,27,2
0x107010249722621700351874,1517273112,0,-29,0,1,27,2
0x107010249722621700351874,1517273113,0,-29,0,1,27,2
0x107010249722621700351874,1517273113,0,-29,0,1,27,2
0x107010249722621700351874,1517273116,0,-29,0,1,27,2
0x107010249722621700351874,1517273116,0,-29,0,1,27,2
0x107010249722621700351874,1517273117,0,-29,0,1,27,2
0x107010249722621700351874,1517273120,0,-29,0,1,27,2
0x107010249722621700351874,1517273120,0,-29,0,1,27,2
0x107010249722621700351874,1517273120,0,-29,0,1,27,2
0x107010249722621700351874,1517273120,0,-29,0,1,27,2
0x107010249722621700351874,1517273121,0,-29,0,1,27,2
0x107010249722621700351874,1517273121,0,-29,0,1,27,2
0x107010249722621700351874,1517273121,0,-29,0,1,27,2
0x107010249722621700351874,1517273122,0,-29,0,1,27,2
0x107010249722621700351874,1517273122,0,-29,0,1,27,2
0x107010249722621700351874,1517273122,0,-29,0,1,27,2
0x107010249722621700351874,1517273122,0,-29,0,1,27,2
0x107010249722621700351874,1517273123,0,-29,0,1,27,2
0x107010249722621700351874,1517273124,0,-29,0,1,27,2
0x107010249722621700351874,1517273124,0,-29,0,1,27,2
0x107010249722621700351874,1517273124,0,-29,0,1,27,2
0x107010249722621700351874,1517273124,0,-29,0,1,27,2
0x107010249722621700351874,1517273126,0,-29,0,1,27,2
0x107010249722621700351874,1517273126,0,-29,0,1,27,2
0x107010249722621700351874,1517273127,0,-29,0,1,27,2
0x107010249722621700351874,1517273129,0,-29,0,1,27,2
0x107010249722621700351874,1517273129,0,-29,0,1,27,2
0x107010249722621700351874,1517273130,0,-29,0,1,27,2
0x107010249722621700351874,1517273130,0,-29,0,1,27,2
0x107010249722621700351874,1517273131,0,-29,0,1,27,2
0x107010249722621700351874,1517273131,0,-29,0,1,27,2
0x107010249722621700351874,1517273131,0,-29,0,1,27,2
0x107010249722621700351874,1517273131,0,-29,0,1,27,2
0x107010249722621700351874,1517273131,0,-29,0,1,27,2
0x107010249722621700351874,1517273132,0,-29,0,1,27,2
0x107010249722621700351874,1517273132,0,-29,0,1,27,2
0x107010249722621700351874,1517273132,0,-29,0,1,27,2
0x107010249722621700351874,1517273132,0,-29,0,1,27,2
0x107010249722621700351874,1517273133,0,-29,0,1,27,2
0x107010249722621700351874,1517273133,0,-29,0,1,27,2
0x107010249722621700351874,1517273133,0,-29,0,1,27,2
0x107010249722621700351874,1517273133,0,-29,0,1,27,2
0x107010249722621700351874,1517273134,0,-29,0,1,27,2
0x107010249722621700351874,1517273134,0,-29,0,1,27,2
0x107010249722621700351874,1517273134,0,-29,0,1,27,2
0x107010249722621700351874,1517273135,0,-29,0,1,27,2
0x107010249722621700351874,1517273135,0,-29,0,1,27,2
0x107010249722621700351874,1517273136,0,-29,0,1,27,2
0x107010249722621700351874,1517273136,0,-29,0,1,27,2
0x107010249722621700351874,1517273138,0,-29,0,1,27,2
0x107010249722621700351874,1517273139,0,-29,0,1,27,2
0x107010249722621700351874,1517273139,0,-29,0,1,27,2
0x107010249722621700351874,1517273139,0,-29,0,1,27,2
0x107010249722621700351874,1517273140,0,-29,0,1,27,2
0x107010249722621700351874,1517273140,0,-29,0,1,27,2
0x107010249722621700351874,1517273141,0,-29,0,1,27,2
0x107010249722621700351874,1517273141,0,-29,0,1,27,2
0x107010145263633097591867,1517273081,0,-31,0,1,27,3
0x107010145263633097591867,1517273083,0,-31,0,1,27,3
0x107010145263633097591867,1517273086,0,-31,0,1,27,3
0x107010145263633097591867,1517273086,0,-31,0,1,27,3
0x107010145263633097591867,1517273094,0,-31,0,1,27,3
0x107010145263633097591867,1517273094,0,-31,0,1,27,3
0x107010145263633097591867,1517273130,0,-34,0,1,27,2
0x107010145263633097591867,1517273130,0,-31,0,1,27,3
0x107010145263633097591867,1517273130,0,-31,0,1,27,3
0x107010145263633097591867,1517273135,0,-34,0,1,27,2
0x107010145263633097591867,1517273135,0,-34,0,1,27,2
0x107010145263633097591867,1517273139,0,-31,0,1,27,3
0x107010145263633097591867,1517273139,0,-31,0,1,27,3
0x000000000000000000004006,1517273081,0,-33,0,1,27,1
0x000000000000000000004006,1517273082,0,-30,0,1,27,2
0x000000000000000000004006,1517273082,0,-30,0,1,27,2
0x000000000000000000004006,1517273083,0,-27,0,1,27,4
0x000000000000000000004006,1517273083,0,-27,0,1,27,4
0x000000000000000000004006,1517273083,0,-30,0,1,27,3
0x000000000000000000004006,1517273083,0,-30,0,1,27,3
0x000000000000000000004006,1517273083,0,-29,0,1,27,2
0x000000000000000000004006,1517273083,0,-29,0,1,27,2
0x000000000000000000004006,1517273084,0,-28,0,1,27,2
0x000000000000000000004006,1517273084,0,-28,0,1,27,2
0x000000000000000000004006,1517273085,0,-28,0,1,27,2
0x000000000000000000004006,1517273085,0,-28,0,1,27,2
0x000000000000000000004006,1517273086,0,-30,0,1,27,3
0x000000000000000000004006,1517273086,0,-30,0,1,27,3
0x000000000000000000004006,1517273086,0,-32,0,1,27,2
0x000000000000000000004006,1517273086,0,-32,0,1,27,2
0x000000000000000000004006,1517273086,0,-34,0,1,27,1
0x000000000000000000004006,1517273086,0,-34,0,1,27,1
0x000000000000000000004006,1517273086,0,-31,0,1,27,2
0x000000000000000000004006,1517273086,0,-31,0,1,27,2
0x000000000000000000004006,1517273088,0,-29,0,1,27,2
0x000000000000000000004006,1517273088,0,-30,0,1,27,2
0x000000000000000000004006,1517273090,0,-28,0,1,27,2
0x000000000000000000004006,1517273090,0,-28,0,1,27,2
0x000000000000000000004006,1517273090,0,-30,0,1,27,4
0x000000000000000000004006,1517273090,0,-29,0,1,27,2
0x000000000000000000004006,1517273091,0,-29,0,1,27,3
0x000000000000000000004006,1517273091,0,-29,0,1,27,4
0x000000000000000000004006,1517273091,0,-29,0,1,27,4
0x000000000000000000004006,1517273091,0,-28,0,1,27,2
0x000000000000000000004006,1517273091,0,-28,0,1,27,2
0x000000000000000000004006,1517273091,0,-28,0,1,27,2
0x000000000000000000004006,1517273092,0,-30,0,1,27,3
0x000000000000000000004006,1517273094,0,-32,0,1,27,3
0x000000000000000000004006,1517273095,0,-32,0,1,27,3
0x000000000000000000004006,1517273095,0,-30,0,1,27,2
0x000000000000000000004006,1517273095,0,-30,0,1,27,2
0x000000000000000000004006,1517273096,0,-26,0,1,27,4
0x000000000000000000004006,1517273096,0,-27,0,1,27,4
0x000000000000000000004006,1517273096,0,-33,0,1,27,1
0x000000000000000000004006,1517273096,0,-33,0,1,27,1
0x000000000000000000004006,1517273097,0,-29,0,1,27,2
0x000000000000000000004006,1517273097,0,-29,0,1,27,4
0x000000000000000000004006,1517273097,0,-29,0,1,27,2
0x000000000000000000004006,1517273097,0,-29,0,1,27,2
0x000000000000000000004006,1517273098,0,-28,0,1,27,3
0x000000000000000000004006,1517273098,0,-29,0,1,27,3
0x000000000000000000004006,1517273098,0,-29,0,1,27,3
0x000000000000000000004006,1517273098,0,-29,0,1,27,3
0x000000000000000000004006,1517273098,0,-30,0,1,27,3
0x000000000000000000004006,1517273098,0,-29,0,1,27,3
0x000000000000000000004006,1517273100,0,-33,0,1,27,1
0x000000000000000000004006,1517273100,0,-32,0,1,27,1
0x000000000000000000004006,1517273103,0,-29,0,1,27,2
0x000000000000000000004006,1517273103,0,-28,0,1,27,2
0x000000000000000000004006,1517273103,0,-30,0,1,27,4
0x000000000000000000004006,1517273103,0,-30,0,1,27,4
0x000000000000000000004006,1517273103,0,-30,0,1,27,4
0x000000000000000000004006,1517273104,0,-28,0,1,27,2
0x000000000000000000004006,1517273104,0,-28,0,1,27,2
0x000000000000000000004006,1517273104,0,-28,0,1,27,2
0x000000000000000000004006,1517273104,0,-28,0,1,27,2
0x000000000000000000004006,1517273105,0,-32,0,1,27,1
0x000000000000000000004006,1517273105,0,-32,0,1,27,1
0x000000000000000000004006,1517273105,0,-28,0,1,27,2
0x000000000000000000004006,1517273105,0,-29,0,1,27,2
0x000000000000000000004006,1517273105,0,-29,0,1,27,3
0x000000000000000000004006,1517273105,0,-30,0,1,27,3
0x000000000000000000004006,1517273106,0,-29,0,1,27,4
0x000000000000000000004006,1517273106,0,-29,0,1,27,4
0x000000000000000000004006,1517273106,0,-30,0,1,27,3
0x000000000000000000004006,1517273108,0,-30,0,1,27,2
0x000000000000000000004006,1517273108,0,-30,0,1,27,2
0x000000000000000000004006,1517273108,0,-30,0,1,27,2
0x000000000000000000004006,1517273109,0,-30,0,1,27,2
0x000000000000000000004006,1517273109,0,-30,0,1,27,2
0x000000000000000000004006,1517273110,0,-31,0,1,27,2
0x000000000000000000004006,1517273110,0,-30,0,1,27,2
0x000000000000000000004006,1517273111,0,-28,0,1,27,2
0x000000000000000000004006,1517273111,0,-28,0,1,27,2
0x000000000000000000004006,1517273111,0,-28,0,1,27,2
0x000000000000000000004006,1517273111,0,-28,0,1,27,2
0x000000000000000000004006,1517273112,0,-28,0,1,27,2
0x000000000000000000004006,1517273112,0,-28,0,1,27,2
0x000000000000000000004006,1517273112,0,-29,0,1,27,2
0x000000000000000000004006,1517273112,0,-30,0,1,27,2
0x000000000000000000004006,1517273113,0,-30,0,1,27,4
0x000000000000000000004006,1517273114,0,-30,0,1,27,3
0x000000000000000000004006,1517273114,0,-34,0,1,27,1
0x000000000000000000004006,1517273114,0,-34,0,1,27,1
0x000000000000000000004006,1517273116,0,-27,0,1,27,4
0x000000000000000000004006,1517273116,0,-29,0,1,27,2
0x000000000000000000004006,1517273116,0,-28,0,1,27,2
0x000000000000000000004006,1517273116,0,-28,0,1,27,4
0x000000000000000000004006,1517273117,0,-29,0,1,27,2
0x000000000000000000004006,1517273117,0,-31,0,1,27,2
0x000000000000000000004006,1517273117,0,-32,0,1,27,2
0x000000000000000000004006,1517273117,0,-29,0,1,27,2
0x000000000000000000004006,1517273117,0,-28,0,1,27,2
0x000000000000000000004006,1517273118,0,-28,0,1,27,2
0x000000000000000000004006,1517273118,0,-32,0,1,27,1
0x000000000000000000004006,1517273118,0,-32,0,1,27,1
0x000000000000000000004006,1517273118,0,-29,0,1,27,2
0x000000000000000000004006,1517273118,0,-29,0,1,27,2
0x000000000000000000004006,1517273119,0,-30,0,1,27,2
0x000000000000000000004006,1517273119,0,-30,0,1,27,2
0x000000000000000000004006,1517273120,0,-34,0,1,27,1
0x000000000000000000004006,1517273120,0,-33,0,1,27,1
0x000000000000000000004006,1517273120,0,-30,0,1,27,3
0x000000000000000000004006,1517273121,0,-30,0,1,27,3
0x000000000000000000004006,1517273123,0,-29,0,1,27,2
0x000000000000000000004006,1517273123,0,-29,0,1,27,2
0x000000000000000000004006,1517273124,0,-30,0,1,27,2
0x000000000000000000004006,1517273124,0,-30,0,1,27,2
0x000000000000000000004006,1517273124,0,-28,0,1,27,2
0x000000000000000000004006,1517273124,0,-28,0,1,27,2
0x000000000000000000004006,1517273124,0,-28,0,1,27,2
0x000000000000000000004006,1517273124,0,-28,0,1,27,2
0x000000000000000000004006,1517273125,0,-28,0,1,27,2
0x000000000000000000004006,1517273125,0,-28,0,1,27,2
0x000000000000000000004006,1517273125,0,-28,0,1,27,2
0x000000000000000000004006,1517273125,0,-28,0,1,27,2
0x000000000000000000004006,1517273125,0,-33,0,1,27,1
0x000000000000000000004006,1517273127,0,-30,0,1,27,3
0x000000000000000000004006,1517273127,0,-30,0,1,27,3
0x000000000000000000004006,1517273128,0,-30,0,1,27,2
0x000000000000000000004006,1517273128,0,-30,0,1,27,2
0x000000000000000000004006,1517273128,0,-31,0,1,27,3
0x000000000000000000004006,1517273129,0,-30,0,1,27,2
0x000000000000000000004006,1517273129,0,-30,0,1,27,2
0x000000000000000000004006,1517273129,0,-26,0,1,27,4
0x000000000000000000004006,1517273129,0,-26,0,1,27,4
0x000000000000000000004006,1517273130,0,-28,0,1,27,2
0x000000000000000000004006,1517273130,0,-28,0,1,27,2
0x000000000000000000004006,1517273130,0,-28,0,1,27,4
0x000000000000000000004006,1517273130,0,-29,0,1,27,4
0x000000000000000000004006,1517273130,0,-30,0,1,27,2
0x000000000000000000004006,1517273130,0,-30,0,1,27,2
0x000000000000000000004006,1517273130,0,-29,0,1,27,4
0x000000000000000000004006,1517273131,0,-28,0,1,27,2
0x000000000000000000004006,1517273131,0,-28,0,1,27,2
0x000000000000000000004006,1517273131,0,-28,0,1,27,2
0x000000000000000000004006,1517273131,0,-28,0,1,27,2
0x000000000000000000004006,1517273131,0,-28,0,1,27,2
0x000000000000000000004006,1517273132,0,-31,0,1,27,2
0x000000000000000000004006,1517273132,0,-32,0,1,27,2
0x000000000000000000004006,1517273133,0,-31,0,1,27,2
0x000000000000000000004006,1517273133,0,-31,0,1,27,2
0x000000000000000000004006,1517273134,0,-30,0,1,27,2
0x000000000000000000004006,1517273135,0,-30,0,1,27,2
0x000000000000000000004006,1517273136,0,-28,0,1,27,4
0x000000000000000000004006,1517273136,0,-28,0,1,27,4
0x000000000000000000004006,1517273136,0,-33,0,1,27,1
0x000000000000000000004006,1517273136,0,-34,0,1,27,1
0x000000000000000000004006,1517273136,0,-28,0,1,27,4
0x000000000000000000004006,1517273136,0,-28,0,1,27,4
0x000000000000000000004006,1517273137,0,-29,0,1,27,4
0x000000000000000000004006,1517273137,0,-29,0,1,27,4
0x000000000000000000004006,1517273137,0,-28,0,1,27,2
0x000000000000000000004006,1517273137,0,-28,0,1,27,2
0x000000000000000000004006,1517273138,0,-28,0,1,27,3
0x000000000000000000004006,1517273138,0,-28,0,1,27,3
0x000000000000000000004006,1517273138,0,-28,0,1,27,2
0x000000000000000000004006,1517273140,0,-31,0,1,27,2
0x000000000000000000004006,1517273140,0,-31,0,1,27,2
0x000000000000000000004006,1517273140,0,-30,0,1,27,3
0x000000000000000000004006,1517273140,0,-30,0,1,27,3
0x107010145263633097591868,1517273082,0,-31,0,1,27,2
0x107010145263633097591868,1517273082,0,-31,0,1,27,2
0x107010145263633097591868,1517273082,0,-32,0,1,27,2
0x107010145263633097591868,1517273082,0,-32,0,1,27,2
0x107010145263633097591868,1517273083,0,-31,0,1,27,1
0x107010145263633097591868,1517273083,0,-31,0,1,27,1
0x107010145263633097591868,1517273083,0,-31,0,1,27,1
0x107010145263633097591868,1517273084,0,-31,0,1,27,1
0x107010145263633097591868,1517273084,0,-31,0,1,27,1
0x107010145263633097591868,1517273086,0,-32,0,1,27,2
0x107010145263633097591868,1517273086,0,-31,0,1,27,2
0x107010145263633097591868,1517273086,0,-31,0,1,27,1
0x107010145263633097591868,1517273087,0,-31,0,1,27,1
0x107010145263633097591868,1517273087,0,-31,0,1,27,1
0x107010145263633097591868,1517273087,0,-31,0,1,27,1
0x107010145263633097591868,1517273087,0,-31,0,1,27,1
0x107010145263633097591868,1517273087,0,-31,0,1,27,1
0x107010145263633097591868,1517273087,0,-31,0,1,27,1
0x107010145263633097591868,1517273088,0,-32,0,1,27,2
0x107010145263633097591868,1517273088,0,-32,0,1,27,2
0x107010145263633097591868,1517273088,0,-31,0,1,27,1
0x107010145263633097591868,1517273088,0,-31,0,1,27,1
0x107010145263633097591868,1517273089,0,-31,0,1,27,1
0x107010145263633097591868,1517273089,0,-31,0,1,27,1
0x107010145263633097591868,1517273091,0,-31,0,1,27,1
0x107010145263633097591868,1517273091,0,-31,0,1,27,2
0x107010145263633097591868,1517273091,0,-31,0,1,27,2
0x107010145263633097591868,1517273094,0,-31,0,1,27,1
0x107010145263633097591868,1517273095,0,-31,0,1,27,1
0x107010145263633097591868,1517273095,0,-31,0,1,27,1
0x107010145263633097591868,1517273096,0,-31,0,1,27,1
0x107010145263633097591868,1517273096,0,-31,0,1,27,1
0x107010145263633097591868,1517273097,0,-32,0,1,27,2
0x107010145263633097591868,1517273097,0,-32,0,1,27,2
0x107010145263633097591868,1517273097,0,-31,0,1,27,1
0x107010145263633097591868,1517273097,0,-31,0,1,27,1
0x107010145263633097591868,1517273097,0,-31,0,1,27,1
0x107010145263633097591868,1517273100,0,-32,0,1,27,2
0x107010145263633097591868,1517273100,0,-32,0,1,27,2
0x107010145263633097591868,1517273100,0,-32,0,1,27,2
0x107010145263633097591868,1517273100,0,-32,0,1,27,2
0x107010145263633097591868,1517273101,0,-31,0,1,27,1
0x107010145263633097591868,1517273101,0,-31,0,1,27,1
0x107010145263633097591868,1517273101,0,-31,0,1,27,1
0x107010145263633097591868,1517273101,0,-31,0,1,27,1
0x107010145263633097591868,1517273101,0,-31,0,1,27,1
0x107010145263633097591868,1517273102,0,-32,0,1,27,2
0x107010145263633097591868,1517273102,0,-32,0,1,27,2
0x107010145263633097591868,1517273104,0,-31,0,1,27,1
0x107010145263633097591868,1517273104,0,-31,0,1,27,1
0x107010145263633097591868,1517273104,0,-32,0,1,27,2
0x107010145263633097591868,1517273104,0,-32,0,1,27,2
0x107010145263633097591868,1517273104,0,-31,0,1,27,1
0x107010145263633097591868,1517273104,0,-31,0,1,27,1
0x107010145263633097591868,1517273105,0,-32,0,1,27,2
0x107010145263633097591868,1517273105,0,-32,0,1,27,2
0x107010145263633097591868,1517273106,0,-31,0,1,27,1
0x107010145263633097591868,1517273106,0,-31,0,1,27,1
0x107010145263633097591868,1517273107,0,-32,0,1,27,2
0x107010145263633097591868,1517273107,0,-32,0,1,27,2
0x107010145263633097591868,1517273109,0,-31,0,1,27,1
0x107010145263633097591868,1517273109,0,-31,0,1,27,1
0x107010145263633097591868,1517273109,0,-31,0,1,27,1
0x107010145263633097591868,1517273110,0,-31,0,1,27,1
0x107010145263633097591868,1517273110,0,-31,0,1,27,1
0x107010145263633097591868,1517273111,0,-31,0,1,27,1
0x107010145263633097591868,1517273112,0,-31,0,1,27,1
0x107010145263633097591868,1517273113,0,-32,0,1,27,2
0x107010145263633097591868,1517273113,0,-32,0,1,27,2
0x107010145263633097591868,1517273114,0,-32,0,1,27,2
0x107010145263633097591868,1517273114,0,-32,0,1,27,2
0x107010145263633097591868,1517273118,0,-31,0,1,27,1
0x107010145263633097591868,1517273119,0,-31,0,1,27,1
0x107010145263633097591868,1517273119,0,-31,0,1,27,1
0x107010145263633097591868,1517273119,0,-31,0,1,27,1
0x107010145263633097591868,1517273119,0,-32,0,1,27,2
0x107010145263633097591868,1517273119,0,-32,0,1,27,2
0x107010145263633097591868,1517273120,0,-31,0,1,27,1
0x107010145263633097591868,1517273120,0,-31,0,1,27,1
0x107010145263633097591868,1517273120,0,-32,0,1,27,2
0x107010145263633097591868,1517273122,0,-31,0,1,27,1
0x107010145263633097591868,1517273122,0,-31,0,1,27,1
0x107010145263633097591868,1517273122,0,-32,0,1,27,2
0x107010145263633097591868,1517273122,0,-32,0,1,27,2
0x107010145263633097591868,1517273122,0,-31,0,1,27,1
0x107010145263633097591868,1517273122,0,-31,0,1,27,1
0x107010145263633097591868,1517273122,0,-32,0,1,27,2
0x107010145263633097591868,1517273122,0,-32,0,1,27,2
0x107010145263633097591868,1517273122,0,-32,0,1,27,2
0x107010145263633097591868,1517273123,0,-32,0,1,27,2
0x107010145263633097591868,1517273123,0,-32,0,1,27,2
0x107010145263633097591868,1517273125,0,-32,0,1,27,2
0x107010145263633097591868,1517273127,0,-31,0,1,27,1
0x107010145263633097591868,1517273127,0,-31,0,1,27,1
0x107010145263633097591868,1517273127,0,-31,0,1,27,1
0x107010145263633097591868,1517273127,0,-31,0,1,27,1
0x107010145263633097591868,1517273134,0,-31,0,1,27,1
0x107010145263633097591868,1517273134,0,-31,0,1,27,1
0x107010145263633097591868,1517273134,0,-32,0,1,27,2
0x107010145263633097591868,1517273135,0,-35,0,1,27,3
0x107010145263633097591868,1517273136,0,-31,0,1,27,1
0x107010145263633097591868,1517273136,0,-31,0,1,27,1
0x107010145263633097591868,1517273137,0,-32,0,1,27,2
0x107010145263633097591868,1517273138,0,-32,0,1,27,2
0x107010145263633097591868,1517273139,0,-32,0,1,27,2
0x107010145263633097591868,1517273139,0,-32,0,1,27,2
0x107010145263633097591868,1517273139,0,-32,0,1,27,2
0x107010249722621700351875,1517273082,0,-31,0,1,27,2
0x107010249722621700351875,1517273082,0,-31,0,1,27,2
0x107010249722621700351875,1517273082,0,-31,0,1,27,4
0x107010249722621700351875,1517273082,0,-31,0,1,27,4
0x107010249722621700351875,1517273084,0,-31,0,1,27,2
0x107010249722621700351875,1517273084,0,-31,0,1,27,4
0x107010249722621700351875,1517273088,0,-31,0,1,27,2
0x107010249722621700351875,1517273088,0,-31,0,1,27,2
0x107010249722621700351875,1517273091,0,-31,0,1,27,2
0x107010249722621700351875,1517273091,0,-31,0,1,27,2
0x107010249722621700351875,1517273093,0,-30,0,1,27,2
0x107010249722621700351875,1517273096,0,-30,0,1,27,2
0x107010249722621700351875,1517273096,0,-30,0,1,27,2
0x107010249722621700351875,1517273096,0,-30,0,1,27,2
0x107010249722621700351875,1517273096,0,-30,0,1,27,2
0x107010249722621700351875,1517273096,0,-30,0,1,27,2
0x107010249722621700351875,1517273096,0,-30,0,1,27,2
0x107010249722621700351875,1517273096,0,-31,0,1,27,4
0x107010249722621700351875,1517273096,0,-31,0,1,27,4
0x107010249722621700351875,1517273098,0,-30,0,1,27,2
0x107010249722621700351875,1517273098,0,-30,0,1,27,2
0x107010249722621700351875,1517273099,0,-30,0,1,27,2
0x107010249722621700351875,1517273099,0,-30,0,1,27,2
0x107010249722621700351875,1517273100,0,-31,0,1,27,2
0x107010249722621700351875,1517273100,0,-31,0,1,27,2
0x107010249722621700351875,1517273101,0,-31,0,1,27,2
0x107010249722621700351875,1517273104,0,-31,0,1,27,2
0x107010249722621700351875,1517273107,0,-31,0,1,27,2
0x107010249722621700351875,1517273107,0,-31,0,1,27,2
0x107010249722621700351875,1517273109,0,-31,0,1,27,2
0x107010249722621700351875,1517273112,0,-31,0,1,27,2
0x107010249722621700351875,1517273113,0,-31,0,1,27,2
0x107010249722621700351875,1517273114,0,-31,0,1,27,4
0x107010249722621700351875,1517273114,0,-31,0,1,27,4
0x107010249722621700351875,1517273115,0,-31,0,1,27,2
0x107010249722621700351875,1517273115,0,-31,0,1,27,2
0x107010249722621700351875,1517273115,0,-31,0,1,27,2
0x107010249722621700351875,1517273116,0,-31,0,1,27,2
0x107010249722621700351875,1517273117,0,-31,0,1,27,2
0x107010249722621700351875,1517273117,0,-31,0,1,27,2
0x107010249722621700351875,1517273117,0,-31,0,1,27,2
0x107010249722621700351875,1517273117,0,-31,0,1,27,2
0x107010249722621700351875,1517273117,0,-31,0,1,27,2
0x107010249722621700351875,1517273117,0,-33,0,1,27,3
0x107010249722621700351875,1517273119,0,-31,0,1,27,2
0x107010249722621700351875,1517273119,0,-31,0,1,27,2
0x107010249722621700351875,1517273119,0,-31,0,1,27,2
0x107010249722621700351875,1517273119,0,-31,0,1,27,2
0x107010249722621700351875,1517273120,0,-31,0,1,27,2
0x107010249722621700351875,1517273120,0,-31,0,1,27,2
0x107010249722621700351875,1517273122,0,-31,0,1,27,2
0x107010249722621700351875,1517273122,0,-31,0,1,27,2
0x107010249722621700351875,1517273123,0,-31,0,1,27,4
0x107010249722621700351875,1517273123,0,-31,0,1,27,4
0x107010249722621700351875,1517273124,0,-31,0,1,27,2
0x107010249722621700351875,1517273124,0,-31,0,1,27,2
0x107010249722621700351875,1517273125,0,-31,0,1,27,2
0x107010249722621700351875,1517273125,0,-31,0,1,27,2
0x107010249722621700351875,1517273125,0,-30,0,1,27,2
0x107010249722621700351875,1517273125,0,-33,0,1,27,3
0x107010249722621700351875,1517273125,0,-31,0,1,27,2
0x107010249722621700351875,1517273126,0,-31,0,1,27,2
0x107010249722621700351875,1517273127,0,-31,0,1,27,2
0x107010249722621700351875,1517273127,0,-31,0,1,27,2
0x107010249722621700351875,1517273127,0,-31,0,1,27,2
0x107010249722621700351875,1517273127,0,-31,0,1,27,2
0x107010249722621700351875,1517273128,0,-31,0,1,27,2
0x107010249722621700351875,1517273128,0,-31,0,1,27,2
0x107010249722621700351875,1517273131,0,-31,0,1,27,2
0x107010249722621700351875,1517273131,0,-31,0,1,27,2
0x107010249722621700351875,1517273133,0,-30,0,1,27,2
0x107010249722621700351875,1517273134,0,-31,0,1,27,2
0x107010249722621700351875,1517273135,0,-31,0,1,27,4
0x107010249722621700351875,1517273135,0,-31,0,1,27,4
0x107010249722621700351875,1517273136,0,-31,0,1,27,2
0x107010249722621700351875,1517273136,0,-31,0,1,27,2
0x107050249872411563372318,1517273082,0,-34,0,1,27,2
0x107050249872411563372318,1517273084,0,-34,0,1,27,2
0x107050249872411563372318,1517273105,0,-33,0,1,27,2
0x107050249872411563372318,1517273108,0,-34,0,1,27,2
0x107050249872411563372318,1517273108,0,-34,0,1,27,2
0x107050249872411563372318,1517273115,0,-33,0,1,27,2
0x107010349013305354381890,1517273082,0,-31,0,1,27,2
0x107010349013305354381890,1517273082,0,-31,0,1,27,2
0x107010349013305354381890,1517273084,0,-31,0,1,27,2
0x107010349013305354381890,1517273088,0,-31,0,1,27,2
0x107010349013305354381890,1517273088,0,-31,0,1,27,2
0x107010349013305354381890,1517273093,0,-31,0,1,27,2
0x107010349013305354381890,1517273093,0,-31,0,1,27,2
0x107010349013305354381890,1517273094,0,-31,0,1,27,2
0x107010349013305354381890,1517273094,0,-31,0,1,27,2
0x107010349013305354381890,1517273094,0,-30,0,1,27,4
0x107010349013305354381890,1517273097,0,-31,0,1,27,2
0x107010349013305354381890,1517273100,0,-31,0,1,27,2
0x107010349013305354381890,1517273100,0,-31,0,1,27,2
0x107010349013305354381890,1517273101,0,-31,0,1,27,2
0x107010349013305354381890,1517273101,0,-31,0,1,27,2
0x107010349013305354381890,1517273102,0,-31,0,1,27,2
0x107010349013305354381890,1517273103,0,-31,0,1,27,2
0x107010349013305354381890,1517273103,0,-31,0,1,27,2
0x107010349013305354381890,1517273105,0,-31,0,1,27,2
0x107010349013305354381890,1517273105,0,-32,0,1,27,2
0x107010349013305354381890,1517273106,0,-31,0,1,27,2
0x107010349013305354381890,1517273106,0,-31,0,1,27,2
0x107010349013305354381890,1517273108,0,-32,0,1,27,2
0x107010349013305354381890,1517273108,0,-32,0,1,27,2
0x107010349013305354381890,1517273112,0,-32,0,1,27,2
0x107010349013305354381890,1517273112,0,-32,0,1,27,2
0x107010349013305354381890,1517273112,0,-32,0,1,27,2
0x107010349013305354381890,1517273113,0,-32,0,1,27,2
0x107010349013305354381890,1517273113,0,-32,0,1,27,2
0x107010349013305354381890,1517273114,0,-30,0,1,27,4
0x107010349013305354381890,1517273116,0,-32,0,1,27,2
0x107010349013305354381890,1517273116,0,-31,0,1,27,2
0x107010349013305354381890,1517273120,0,-32,0,1,27,2
0x107010349013305354381890,1517273121,0,-31,0,1,27,2
0x107010349013305354381890,1517273121,0,-31,0,1,27,2
0x107010349013305354381890,1517273121,0,-31,0,1,27,2
0x107010349013305354381890,1517273121,0,-31,0,1,27,2
0x107010349013305354381890,1517273125,0,-31,0,1,27,2
0x107010349013305354381890,1517273126,0,-30,0,1,27,4
0x107010349013305354381890,1517273126,0,-30,0,1,27,4
0x107010349013305354381890,1517273127,0,-32,0,1,27,2
0x107010349013305354381890,1517273127,0,-32,0,1,27,2
0x107010349013305354381890,1517273128,0,-31,0,1,27,2
0x107010349013305354381890,1517273128,0,-31,0,1,27,2
0x107010349013305354381890,1517273130,0,-32,0,1,27,2
0x107010349013305354381890,1517273131,0,-32,0,1,27,2
0x107010349013305354381890,1517273132,0,-31,0,1,27,2
0x107010349013305354381890,1517273132,0,-30,0,1,27,4
0x107010349013305354381890,1517273132,0,-30,0,1,27,4
0x107010349013305354381890,1517273133,0,-31,0,1,27,2
0x107010349013305354381890,1517273133,0,-31,0,1,27,2
0x107010349013305354381890,1517273133,0,-31,0,1,27,2
0x107010349013305354381890,1517273135,0,-30,0,1,27,4
0x107010349013305354381890,1517273135,0,-30,0,1,27,4
0x107010349013305354381890,1517273137,0,-31,0,1,27,2
0x107010349013305354381890,1517273137,0,-31,0,1,27,2
0x107010349013305354381890,1517273140,0,-31,0,1,27,2
0x107010349013305354381890,1517273140,0,-31,0,1,27,2
0x108010149872360088493236,1517273082,0,-29,0,1,27,4
0x108010149872360088493236,1517273082,0,-29,0,1,27,4
0x108010149872360088493236,1517273083,0,-30,0,1,27,4
0x108010149872360088493236,1517273083,0,-30,0,1,27,4
0x108010149872360088493236,1517273087,0,-30,0,1,27,4
0x108010149872360088493236,1517273087,0,-30,0,1,27,4
0x108010149872360088493236,1517273090,0,-30,0,1,27,4
0x108010149872360088493236,1517273093,0,-35,0,1,27,1
0x108010149872360088493236,1517273093,0,-35,0,1,27,1
0x108010149872360088493236,1517273100,0,-29,0,1,27,4
0x108010149872360088493236,1517273101,0,-29,0,1,27,4
0x108010149872360088493236,1517273101,0,-29,0,1,27,4
0x108010149872360088493236,1517273111,0,-29,0,1,27,4
0x108010149872360088493236,1517273111,0,-29,0,1,27,4
0x108010149872360088493236,1517273114,0,-29,0,1,27,4
0x108010149872360088493236,1517273114,0,-29,0,1,27,4
0x108010149872360088493236,1517273115,0,-35,0,1,27,1
0x108010149872360088493236,1517273115,0,-35,0,1,27,1
0x108010149872360088493236,1517273116,0,-29,0,1,27,4
0x108010149872360088493236,1517273116,0,-29,0,1,27,4
0x108010149872360088493236,1517273126,0,-29,0,1,27,4
0x108010149872360088493236,1517273126,0,-29,0,1,27,4
0x108010149872360088493236,1517273126,0,-29,0,1,27,4
0x108010149872360088493236,1517273126,0,-34,0,1,27,1
0x108010149872360088493236,1517273126,0,-34,0,1,27,1
0x108010149872360088493236,1517273129,0,-29,0,1,27,4
0x108010149872360088493236,1517273129,0,-29,0,1,27,4
0x108010149872360088493236,1517273131,0,-29,0,1,27,4
0x108010149872360088493236,1517273131,0,-29,0,1,27,4
0x108010149872360088493236,1517273135,0,-29,0,1,27,4
0x108010149872360088493236,1517273135,0,-29,0,1,27,4
0x108010149872360088493236,1517273137,0,-29,0,1,27,4
0x108010149872360088493236,1517273137,0,-29,0,1,27,4
0x108010149872360088493236,1517273138,0,-29,0,1,27,4
0x108040449021240709683667,1517273082,0,-34,0,1,27,2
0x108040449021240709683667,1517273092,0,-34,0,1,27,2
0x108040449021240709683667,1517273100,0,-34,0,1,27,2
0x108040449021240709683667,1517273138,0,-34,0,1,27,2
0x106020249017772789051840,1517273083,0,-33,0,1,27,4
0x106020249017772789051840,1517273086,0,-33,0,1,27,4
0x106020249017772789051840,1517273086,0,-33,0,1,27,4
0x107010145263633097661866,1517273083,0,-30,0,1,27,1
0x107010145263633097661866,1517273083,0,-30,0,1,27,1
0x107010145263633097661866,1517273083,0,-31,0,1,27,4
0x107010145263633097661866,1517273083,0,-31,0,1,27,4
0x107010145263633097661866,1517273084,0,-31,0,1,27,4
0x107010145263633097661866,1517273084,0,-31,0,1,27,4
0x107010145263633097661866,1517273084,0,-30,0,1,27,1
0x107010145263633097661866,1517273084,0,-30,0,1,27,1
0x107010145263633097661866,1517273084,0,-30,0,1,27,1
0x107010145263633097661866,1517273085,0,-31,0,1,27,4
0x107010145263633097661866,1517273087,0,-31,0,1,27,3
0x107010145263633097661866,1517273087,0,-31,0,1,27,3
0x107010145263633097661866,1517273088,0,-30,0,1,27,1
0x107010145263633097661866,1517273091,0,-30,0,1,27,1
0x107010145263633097661866,1517273091,0,-30,0,1,27,1
0x107010145263633097661866,1517273092,0,-30,0,1,27,4
0x107010145263633097661866,1517273092,0,-30,0,1,27,4
0x107010145263633097661866,1517273093,0,-30,0,1,27,1
0x107010145263633097661866,1517273093,0,-31,0,1,27,1
0x107010145263633097661866,1517273094,0,-30,0,1,27,1
0x107010145263633097661866,1517273094,0,-30,0,1,27,1
0x107010145263633097661866,1517273095,0,-30,0,1,27,1
0x107010145263633097661866,1517273095,0,-30,0,1,27,1
0x107010145263633097661866,1517273097,0,-30,0,1,27,1
0x107010145263633097661866,1517273097,0,-30,0,1,27,1
0x107010145263633097661866,1517273098,0,-30,0,1,27,1
0x107010145263633097661866,1517273098,0,-32,0,1,27,2
0x107010145263633097661866,1517273098,0,-32,0,1,27,2
0x107010145263633097661866,1517273099,0,-31,0,1,27,1
0x107010145263633097661866,1517273099,0,-31,0,1,27,1
0x107010145263633097661866,1517273099,0,-30,0,1,27,1
0x107010145263633097661866,1517273099,0,-30,0,1,27,1
0x107010145263633097661866,1517273099,0,-31,0,1,27,3
0x107010145263633097661866,1517273100,0,-31,0,1,27,3
0x107010145263633097661866,1517273100,0,-32,0,1,27,2
0x107010145263633097661866,1517273100,0,-32,0,1,27,2
0x107010145263633097661866,1517273100,0,-31,0,1,27,3
0x107010145263633097661866,1517273101,0,-30,0,1,27,1
0x107010145263633097661866,1517273101,0,-30,0,1,27,1
0x107010145263633097661866,1517273101,0,-30,0,1,27,1
0x107010145263633097661866,1517273101,0,-30,0,1,27,1
0x107010145263633097661866,1517273101,0,-30,0,1,27,1
0x107010145263633097661866,1517273104,0,-30,0,1,27,1
0x107010145263633097661866,1517273106,0,-30,0,1,27,1
0x107010145263633097661866,1517273106,0,-30,0,1,27,1
0x107010145263633097661866,1517273107,0,-30,0,1,27,1
0x107010145263633097661866,1517273107,0,-30,0,1,27,1
0x107010145263633097661866,1517273107,0,-31,0,1,27,3
0x107010145263633097661866,1517273107,0,-31,0,1,27,3
0x107010145263633097661866,1517273109,0,-30,0,1,27,1
0x107010145263633097661866,1517273109,0,-30,0,1,27,1
0x107010145263633097661866,1517273109,0,-30,0,1,27,1
0x107010145263633097661866,1517273110,0,-30,0,1,27,1
0x107010145263633097661866,1517273110,0,-30,0,1,27,1
0x107010145263633097661866,1517273110,0,-30,0,1,27,1
0x107010145263633097661866,1517273110,0,-32,0,1,27,2
0x107010145263633097661866,1517273110,0,-32,0,1,27,2
0x107010145263633097661866,1517273111,0,-32,0,1,27,2
0x107010145263633097661866,1517273111,0,-30,0,1,27,1
0x107010145263633097661866,1517273111,0,-30,0,1,27,1
0x107010145263633097661866,1517273112,0,-30,0,1,27,1
0x107010145263633097661866,1517273112,0,-30,0,1,27,1
0x107010145263633097661866,1517273112,0,-32,0,1,27,2
0x107010145263633097661866,1517273112,0,-31,0,1,27,4
0x107010145263633097661866,1517273112,0,-31,0,1,27,4
0x107010145263633097661866,1517273112,0,-30,0,1,27,1
0x107010145263633097661866,1517273112,0,-30,0,1,27,1
0x107010145263633097661866,1517273113,0,-31,0,1,27,3
0x107010145263633097661866,1517273113,0,-31,0,1,27,3
0x107010145263633097661866,1517273116,0,-30,0,1,27,1
0x107010145263633097661866,1517273116,0,-30,0,1,27,1
0x107010145263633097661866,1517273117,0,-32,0,1,27,2
0x107010145263633097661866,1517273117,0,-32,0,1,27,2
0x107010145263633097661866,1517273117,0,-32,0,1,27,2
0x107010145263633097661866,1517273117,0,-32,0,1,27,2
0x107010145263633097661866,1517273118,0,-33,0,1,27,2
0x107010145263633097661866,1517273119,0,-30,0,1,27,1
0x107010145263633097661866,1517273119,0,-30,0,1,27,1
0x107010145263633097661866,1517273119,0,-32,0,1,27,2
0x107010145263633097661866,1517273120,0,-32,0,1,27,2
0x107010145263633097661866,1517273122,0,-30,0,1,27,1
0x107010145263633097661866,1517273122,0,-30,0,1,27,1
0x107010145263633097661866,1517273122,0,-32,0,1,27,2
0x107010145263633097661866,1517273122,0,-32,0,1,27,2
0x107010145263633097661866,1517273124,0,-30,0,1,27,1
0x107010145263633097661866,1517273125,0,-31,0,1,27,4
0x107010145263633097661866,1517273125,0,-32,0,1,27,2
0x107010145263633097661866,1517273125,0,-32,0,1,27,2
0x107010145263633097661866,1517273126,0,-32,0,1,27,2
0x107010145263633097661866,1517273126,0,-32,0,1,27,2
0x107010145263633097661866,1517273126,0,-30,0,1,27,1
0x107010145263633097661866,1517273126,0,-30,0,1,27,1
0x107010145263633097661866,1517273127,0,-30,0,1,27,1
0x107010145263633097661866,1517273127,0,-30,0,1,27,1
0x107010145263633097661866,1517273127,0,-30,0,1,27,1
0x107010145263633097661866,1517273127,0,-31,0,1,27,4
0x107010145263633097661866,1517273127,0,-31,0,1,27,4
0x107010145263633097661866,1517273128,0,-30,0,1,27,1
0x107010145263633097661866,1517273128,0,-30,0,1,27,1
0x107010145263633097661866,1517273128,0,-31,0,1,27,3
0x107010145263633097661866,1517273128,0,-31,0,1,27,3
0x107010145263633097661866,1517273128,0,-30,0,1,27,1
0x107010145263633097661866,1517273128,0,-30,0,1,27,1
0x107010145263633097661866,1517273129,0,-30,0,1,27,1
0x107010145263633097661866,1517273129,0,-30,0,1,27,1
0x107010145263633097661866,1517273129,0,-30,0,1,27,1
0x107010145263633097661866,1517273129,0,-30,0,1,27,1
0x107010145263633097661866,1517273130,0,-32,0,1,27,2
0x107010145263633097661866,1517273130,0,-32,0,1,27,2
0x107010145263633097661866,1517273130,0,-30,0,1,27,1
0x107010145263633097661866,1517273132,0,-30,0,1,27,1
0x107010145263633097661866,1517273136,0,-32,0,1,27,2
0x107010145263633097661866,1517273136,0,-30,0,1,27,1
0x107010145263633097661866,1517273137,0,-31,0,1,27,3
0x107010145263633097661866,1517273137,0,-31,0,1,27,3
0x107010145263633097661866,1517273137,0,-31,0,1,27,4
0x107010145263633097661866,1517273137,0,-31,0,1,27,4
0x107010145263633097661866,1517273137,0,-30,0,1,27,1
0x107010145263633097661866,1517273139,0,-30,0,1,27,1
0x107010145263633097661866,1517273139,0,-30,0,1,27,1
0x107010145263633097661866,1517273139,0,-30,0,1,27,1
0x107010145263633097661866,1517273139,0,-31,0,1,27,4
0x107010145263633097661866,1517273139,0,-31,0,1,27,4
0x107010145263633097661866,1517273140,0,-30,0,1,27,1
0x107030449018720365162107,1517273083,0,-34,0,1,27,2
0x107030449018720365162107,1517273083,0,-34,0,1,27,2
0x108010249027506682943252,1517273083,0,-31,0,1,27,4
0x108010249027506682943252,1517273096,0,-30,0,1,27,4
0x108010249027506682943252,1517273098,0,-30,0,1,27,4
0x108010249027506682943252,1517273098,0,-31,0,1,27,4
0x108010249027506682943252,1517273107,0,-30,0,1,27,4
0x108010249027506682943252,1517273107,0,-30,0,1,27,4
0x108010249027506682943252,1517273110,0,-31,0,1,27,4
0x108010249027506682943252,1517273113,0,-31,0,1,27,4
0x108010249027506682943252,1517273113,0,-30,0,1,27,4
0x108010249027506682943252,1517273119,0,-31,0,1,27,4
0x108010249027506682943252,1517273129,0,-30,0,1,27,4
0x108010249027506682943252,1517273129,0,-30,0,1,27,4
0x108010249027506682943252,1517273130,0,-30,0,1,27,4
0x108010249027506682943252,1517273130,0,-30,0,1,27,4
0x108010249027506682943252,1517273134,0,-30,0,1,27,4
0x108010249027506682943252,1517273139,0,-30,0,1,27,4
0x108010249027506682943252,1517273139,0,-30,0,1,27,4
0x107010249018591604251877,1517273083,0,-32,0,1,27,3
0x107010249018591604251877,1517273088,0,-32,0,1,27,3
0x107010249018591604251877,1517273088,0,-31,0,1,27,3
0x107010249018591604251877,1517273091,0,-32,0,1,27,3
0x107010249018591604251877,1517273091,0,-32,0,1,27,3
0x107010249018591604251877,1517273092,0,-31,0,1,27,3
0x107010249018591604251877,1517273092,0,-32,0,1,27,3
0x107010249018591604251877,1517273093,0,-33,0,1,27,2
0x107010249018591604251877,1517273093,0,-34,0,1,27,2
0x107010249018591604251877,1517273095,0,-31,0,1,27,3
0x107010249018591604251877,1517273095,0,-31,0,1,27,3
0x107010249018591604251877,1517273098,0,-31,0,1,27,3
0x107010249018591604251877,1517273107,0,-34,0,1,27,2
0x107010249018591604251877,1517273108,0,-31,0,1,27,3
0x107010249018591604251877,1517273108,0,-31,0,1,27,3
0x107010249018591604251877,1517273109,0,-34,0,1,27,2
0x107010249018591604251877,1517273113,0,-34,0,1,27,2
0x107010249018591604251877,1517273117,0,-34,0,1,27,2
0x107010249018591604251877,1517273117,0,-33,0,1,27,2
0x107010249018591604251877,1517273118,0,-31,0,1,27,3
0x107010249018591604251877,1517273118,0,-31,0,1,27,3
0x107010249018591604251877,1517273122,0,-31,0,1,27,3
0x107010249018591604251877,1517273122,0,-31,0,1,27,3
0x107010249018591604251877,1517273132,0,-31,0,1,27,3
0x107010249018591604251877,1517273132,0,-31,0,1,27,3
0x107010249018591604251877,1517273134,0,-31,0,1,27,3
0x107010249018591604251877,1517273134,0,-31,0,1,27,3
0x107010249018591604251877,1517273136,0,-31,0,1,27,3
0x107010249018591604251877,1517273136,0,-31,0,1,27,3
0x107010249018591604251877,1517273138,0,-31,0,1,27,3
0x107010249018591604251877,1517273138,0,-31,0,1,27,3
0x107010249018591604251877,1517273138,0,-31,0,1,27,3
0x107010249018591604251877,1517273138,0,-31,0,1,27,3
0x108010249013603152393240,1517273084,0,-31,0,1,27,3
0x108010249013603152393240,1517273084,0,-31,0,1,27,3
0x108010249013603152393240,1517273091,0,-32,0,1,27,4
0x108010249013603152393240,1517273091,0,-32,0,1,27,4
0x108010249013603152393240,1517273092,0,-31,0,1,27,3
0x108010249013603152393240,1517273092,0,-31,0,1,27,3
0x108010249013603152393240,1517273094,0,-31,0,1,27,3
0x108010249013603152393240,1517273094,0,-31,0,1,27,3
0x108010249013603152393240,1517273097,0,-31,0,1,27,3
0x108010249013603152393240,1517273101,0,-31,0,1,27,3
0x108010249013603152393240,1517273101,0,-31,0,1,27,3
0x108010249013603152393240,1517273116,0,-32,0,1,27,4
0x108010249013603152393240,1517273116,0,-32,0,1,27,4
0x108010249013603152393240,1517273121,0,-33,0,1,27,4
0x108010249013603152393240,1517273121,0,-32,0,1,27,4
0x108010249013603152393240,1517273124,0,-31,0,1,27,3
0x108010249013603152393240,1517273124,0,-31,0,1,27,3
0x108010249013603152393240,1517273130,0,-31,0,1,27,3
0x108010249013603152393240,1517273130,0,-31,0,1,27,3
0x108010249013603152393240,1517273135,0,-31,0,1,27,3
0x108010249013603152393240,1517273139,0,-31,0,1,27,3
0x108010249013603152393240,1517273139,0,-31,0,1,27,3
0x107010145263633097661865,1517273084,0,-35,0,1,27,1
0x107010145263633097661865,1517273094,0,-33,0,1,27,3
0x107010145263633097661865,1517273094,0,-34,0,1,27,1
0x107010145263633097661865,1517273094,0,-34,0,1,27,1
0x107010145263633097661865,1517273105,0,-34,0,1,27,3
0x107010145263633097661865,1517273105,0,-34,0,1,27,3
0x107010145263633097661865,1517273121,0,-34,0,1,27,1
0x107010145263633097661865,1517273121,0,-34,0,1,27,1
0x107010145263633097661865,1517273137,0,-34,0,1,27,1
0x107010145263633097661865,1517273137,0,-34,0,1,27,1
0x000000000000000000004004,1517273084,0,-32,0,1,27,1
0x000000000000000000004004,1517273084,0,-32,0,1,27,1
0x000000000000000000004004,1517273089,0,-34,0,1,27,2
0x000000000000000000004004,1517273097,0,-33,0,1,27,1
0x000000000000000000004004,1517273097,0,-33,0,1,27,1
0x000000000000000000004004,1517273098,0,-33,0,1,27,1
0x000000000000000000004004,1517273098,0,-33,0,1,27,1
0x000000000000000000004004,1517273110,0,-34,0,1,27,2
0x000000000000000000004004,1517273113,0,-32,0,1,27,2
0x000000000000000000004004,1517273113,0,-32,0,1,27,2
0x000000000000000000004004,1517273114,0,-33,0,1,27,2
0x000000000000000000004004,1517273114,0,-34,0,1,27,2
0x000000000000000000004004,1517273120,0,-33,0,1,27,2
0x000000000000000000004004,1517273120,0,-33,0,1,27,2
0x000000000000000000004004,1517273121,0,-34,0,1,27,2
0x000000000000000000004004,1517273122,0,-33,0,1,27,1
0x000000000000000000004004,1517273129,0,-33,0,1,27,1
0x000000000000000000004004,1517273130,0,-33,0,1,27,1
0x000000000000000000004004,1517273132,0,-34,0,1,27,1
0x000000000000000000004004,1517273132,0,-33,0,1,27,1
0x000000000000000000004004,1517273136,0,-32,0,1,27,2
0x000000000000000000004004,1517273136,0,-32,0,1,27,2
0x000000000000000000004004,1517273137,0,-33,0,1,27,1
0x000000000000000000004004,1517273137,0,-33,0,1,27,1
0x107010145263633097591870,1517273084,0,-32,0,1,27,1
0x107010145263633097591870,1517273084,0,-32,0,1,27,1
0x107010145263633097591870,1517273089,0,-31,0,1,27,3
0x107010145263633097591870,1517273089,0,-32,0,1,27,3
0x107010145263633097591870,1517273092,0,-32,0,1,27,1
0x107010145263633097591870,1517273092,0,-32,0,1,27,1
0x107010145263633097591870,1517273092,0,-32,0,1,27,3
0x107010145263633097591870,1517273092,0,-32,0,1,27,3
0x107010145263633097591870,1517273096,0,-32,0,1,27,1
0x107010145263633097591870,1517273097,0,-31,0,1,27,1
0x107010145263633097591870,1517273098,0,-31,0,1,27,1
0x107010145263633097591870,1517273098,0,-34,0,1,27,2
0x107010145263633097591870,1517273098,0,-34,0,1,27,2
0x107010145263633097591870,1517273099,0,-32,0,1,27,3
0x107010145263633097591870,1517273099,0,-32,0,1,27,3
0x107010145263633097591870,1517273099,0,-32,0,1,27,1
0x107010145263633097591870,1517273101,0,-32,0,1,27,1
0x107010145263633097591870,1517273101,0,-32,0,1,27,1
0x107010145263633097591870,1517273101,0,-31,0,1,27,1
0x107010145263633097591870,1517273101,0,-31,0,1,27,1
0x107010145263633097591870,1517273104,0,-32,0,1,27,3
0x107010145263633097591870,1517273104,0,-32,0,1,27,3
0x107010145263633097591870,1517273104,0,-32,0,1,27,1
0x107010145263633097591870,1517273104,0,-32,0,1,27,1
0x107010145263633097591870,1517273108,0,-32,0,1,27,1
0x107010145263633097591870,1517273109,0,-32,0,1,27,1
0x107010145263633097591870,1517273112,0,-32,0,1,27,3
0x107010145263633097591870,1517273112,0,-32,0,1,27,3
0x107010145263633097591870,1517273114,0,-32,0,1,27,1
0x107010145263633097591870,1517273114,0,-31,0,1,27,1
0x107010145263633097591870,1517273115,0,-32,0,1,27,3
0x107010145263633097591870,1517273115,0,-32,0,1,27,3
0x107010145263633097591870,1517273116,0,-32,0,1,27,1
0x107010145263633097591870,1517273116,0,-32,0,1,27,1
0x107010145263633097591870,1517273118,0,-32,0,1,27,1
0x107010145263633097591870,1517273118,0,-32,0,1,27,1
0x107010145263633097591870,1517273119,0,-32,0,1,27,1
0x107010145263633097591870,1517273121,0,-32,0,1,27,1
0x107010145263633097591870,1517273122,0,-32,0,1,27,1
0x107010145263633097591870,1517273126,0,-32,0,1,27,1
0x107010145263633097591870,1517273126,0,-32,0,1,27,1
0x107010145263633097591870,1517273127,0,-32,0,1,27,1
0x107010145263633097591870,1517273127,0,-32,0,1,27,1
0x107010145263633097591870,1517273127,0,-32,0,1,27,3
0x107010145263633097591870,1517273127,0,-32,0,1,27,3
0x107010145263633097591870,1517273128,0,-31,0,1,27,1
0x107010145263633097591870,1517273128,0,-32,0,1,27,1
0x107010145263633097591870,1517273128,0,-31,0,1,27,1
0x107010145263633097591870,1517273132,0,-32,0,1,27,1
0x107010145263633097591870,1517273132,0,-32,0,1,27,1
0x107010145263633097591870,1517273137,0,-32,0,1,27,1
0x107010145263633097591870,1517273137,0,-31,0,1,27,1
0x107010549013305354071902,1517273085,0,-33,0,1,27,2
0x107010549013305354071902,1517273085,0,-33,0,1,27,2
0x107010549013305354071902,1517273088,0,-33,0,1,27,2
0x107010549013305354071902,1517273088,0,-33,0,1,27,2
0x107010549013305354071902,1517273088,0,-33,0,1,27,2
0x107010549013305354071902,1517273118,0,-33,0,1,27,2
0x107010549013305354071902,1517273118,0,-33,0,1,27,2
0x107010449013305354141899,1517273085,0,-33,0,1,27,2
0x107010449013305354141899,1517273085,0,-33,0,1,27,2
0x107010449013305354141899,1517273089,0,-33,0,1,27,2
0x107010449013305354141899,1517273089,0,-33,0,1,27,2
0x107010449013305354141899,1517273102,0,-33,0,1,27,2
0x107010449013305354141899,1517273109,0,-34,0,1,27,2
0x107010449013305354141899,1517273109,0,-34,0,1,27,2
0x107010449013305354141899,1517273109,0,-33,0,1,27,2
0x107010449013305354141899,1517273109,0,-33,0,1,27,2
0x107010449013305354141899,1517273115,0,-33,0,1,27,2
0x107010449013305354141899,1517273124,0,-33,0,1,27,2
0x107010449013305354141899,1517273128,0,-33,0,1,27,2
0x107010449013305354141899,1517273128,0,-33,0,1,27,2
0x107010449013305354141899,1517273129,0,-33,0,1,27,2
0x107010449013305354141899,1517273129,0,-34,0,1,27,2
0x107010449013305354141899,1517273135,0,-33,0,1,27,2
0x107010449013305354141899,1517273137,0,-33,0,1,27,2
0x107010449013305354141899,1517273137,0,-33,0,1,27,2
0x107010449013305354141899,1517273139,0,-33,0,1,27,2
0x107010449013305354141899,1517273139,0,-33,0,1,27,2
0x108010249027506681263250,1517273085,0,-32,0,1,27,3
0x108010249027506681263250,1517273085,0,-32,0,1,27,3
0x108010249027506681263250,1517273090,0,-32,0,1,27,3
0x108010249027506681263250,1517273091,0,-32,0,1,27,3
0x108010249027506681263250,1517273091,0,-32,0,1,27,3
0x108010249027506681263250,1517273104,0,-32,0,1,27,3
0x108010249027506681263250,1517273133,0,-33,0,1,27,3
0x108010249027506681263250,1517273133,0,-32,0,1,27,3
0x107010349013305353841887,1517273085,0,-30,0,1,27,4
0x107010349013305353841887,1517273085,0,-30,0,1,27,4
0x107010349013305353841887,1517273086,0,-30,0,1,27,4
0x107010349013305353841887,1517273086,0,-30,0,1,27,4
0x107010349013305353841887,1517273086,0,-30,0,1,27,4
0x107010349013305353841887,1517273086,0,-30,0,1,27,4
0x107010349013305353841887,1517273087,0,-29,0,1,27,4
0x107010349013305353841887,1517273087,0,-30,0,1,27,4
0x107010349013305353841887,1517273089,0,-30,0,1,27,4
0x107010349013305353841887,1517273089,0,-30,0,1,27,4
0x107010349013305353841887,1517273096,0,-29,0,1,27,4
0x107010349013305353841887,1517273096,0,-29,0,1,27,4
0x107010349013305353841887,1517273099,0,-29,0,1,27,4
0x107010349013305353841887,1517273100,0,-30,0,1,27,4
0x107010349013305353841887,1517273100,0,-30,0,1,27,4
0x107010349013305353841887,1517273104,0,-29,0,1,27,4
0x107010349013305353841887,1517273104,0,-29,0,1,27,4
0x107010349013305353841887,1517273109,0,-29,0,1,27,4
0x107010349013305353841887,1517273109,0,-29,0,1,27,4
0x107010349013305353841887,1517273110,0,-29,0,1,27,4
0x107010349013305353841887,1517273112,0,-29,0,1,27,4
0x107010349013305353841887,1517273112,0,-29,0,1,27,4
0x107010349013305353841887,1517273112,0,-29,0,1,27,4
0x107010349013305353841887,1517273116,0,-29,0,1,27,4
0x107010349013305353841887,1517273116,0,-29,0,1,27,4
0x107010349013305353841887,1517273119,0,-29,0,1,27,4
0x107010349013305353841887,1517273119,0,-29,0,1,27,4
0x107010349013305353841887,1517273120,0,-29,0,1,27,4
0x107010349013305353841887,1517273120,0,-29,0,1,27,4
0x107010349013305353841887,1517273120,0,-29,0,1,27,4
0x107010349013305353841887,1517273120,0,-30,0,1,27,4
0x107010349013305353841887,1517273121,0,-29,0,1,27,4
0x107010349013305353841887,1517273121,0,-29,0,1,27,4
0x107010349013305353841887,1517273124,0,-29,0,1,27,4
0x107010349013305353841887,1517273125,0,-29,0,1,27,4
0x107010349013305353841887,1517273129,0,-29,0,1,27,4
0x107010349013305353841887,1517273129,0,-29,0,1,27,4
0x107010349013305353841887,1517273129,0,-29,0,1,27,4
0x107010349013305353841887,1517273129,0,-29,0,1,27,4
0x107010349013305353841887,1517273129,0,-29,0,1,27,4
0x107010349013305353841887,1517273133,0,-29,0,1,27,4
0x107010349013305353841887,1517273133,0,-29,0,1,27,4
0x107010349013305353841887,1517273136,0,-29,0,1,27,4
0x107010349013305353841887,1517273136,0,-29,0,1,27,4
0x107010349013305353841887,1517273139,0,-29,0,1,27,4
0x107010349013305353841887,1517273141,0,-30,0,1,27,4
0x107010349013305353841887,1517273141,0,-30,0,1,27,4
0x107010145263633097661862,1517273085,0,-34,0,1,27,2
0x107010145263633097661862,1517273111,0,-32,0,1,27,3
0x107010145263633097661862,1517273111,0,-32,0,1,27,3
0x107010145263633097661862,1517273118,0,-35,0,1,27,2
0x107010145263633097661862,1517273123,0,-35,0,1,27,2
0x107010145263633097661862,1517273123,0,-34,0,1,27,2
0x107010145263633097661862,1517273125,0,-35,0,1,27,2
0x107010145263633097661862,1517273125,0,-35,0,1,27,2
0x107010145263633097661862,1517273126,0,-32,0,1,27,3
0x107010145263633097661862,1517273126,0,-32,0,1,27,3
0x107010145263633097661862,1517273134,0,-32,0,1,27,3
0x107010145263633097661862,1517273134,0,-32,0,1,27,3
0x107010449013305354141898,1517273086,0,-31,0,1,27,4
0x107010449013305354141898,1517273086,0,-32,0,1,27,2
0x107010449013305354141898,1517273090,0,-31,0,1,27,4
0x107010449013305354141898,1517273091,0,-33,0,1,27,2
0x107010449013305354141898,1517273091,0,-32,0,1,27,2
0x107010449013305354141898,1517273093,0,-33,0,1,27,2
0x107010449013305354141898,1517273093,0,-33,0,1,27,2
0x107010449013305354141898,1517273105,0,-33,0,1,27,2
0x107010449013305354141898,1517273111,0,-33,0,1,27,2
0x107010449013305354141898,1517273111,0,-33,0,1,27,2
0x107010449013305354141898,1517273113,0,-33,0,1,27,2
0x107010449013305354141898,1517273113,0,-32,0,1,27,2
0x107010449013305354141898,1517273118,0,-31,0,1,27,4
0x107010449013305354141898,1517273118,0,-31,0,1,27,4
0x107010449013305354141898,1517273123,0,-31,0,1,27,4
0x107010449013305354141898,1517273123,0,-31,0,1,27,4
0x107010449013305354141898,1517273125,0,-31,0,1,27,4
0x107010449013305354141898,1517273125,0,-31,0,1,27,4
0x107010449013305354141898,1517273132,0,-33,0,1,27,2
0x107010449013305354141898,1517273132,0,-33,0,1,27,2
0x107010449013305354141898,1517273132,0,-33,0,1,27,2
0x107010449013305354141898,1517273132,0,-33,0,1,27,2
0x108040145478947023213631,1517273086,0,-32,0,1,27,4
0x108040145478947023213631,1517273086,0,-33,0,1,27,4
0x108040145478947023213631,1517273111,0,-32,0,1,27,4
0x108040145478947023213631,1517273112,0,-32,0,1,27,4
0x108040145478947023213631,1517273112,0,-32,0,1,27,4
0x108040145478947023213631,1517273126,0,-33,0,1,27,4
0x108040145478947023213631,1517273126,0,-33,0,1,27,4
0x108040145478947023213631,1517273141,0,-34,0,1,27,3
0x107010549013305353911905,1517273087,0,-34,0,1,27,1
0x107010549013305353911905,1517273089,0,-35,0,1,27,1
0x107010549013305353911905,1517273089,0,-34,0,1,27,1
0x107010549013305353911905,1517273139,0,-35,0,1,27,1
0x107010549013305353911905,1517273139,0,-35,0,1,27,1
0x03069900000000000000ab37,1517273087,0,-30,0,1,27,4
0x03069900000000000000ab37,1517273087,0,-30,0,1,27,4
0x03069900000000000000ab37,1517273098,0,-30,0,1,27,4
0x03069900000000000000ab37,1517273098,0,-30,0,1,27,4
0x03069900000000000000ab37,1517273103,0,-30,0,1,27,4
0x03069900000000000000ab37,1517273103,0,-30,0,1,27,4
0x03069900000000000000ab37,1517273105,0,-30,0,1,27,4
0x03069900000000000000ab37,1517273105,0,-30,0,1,27,4
0x03069900000000000000ab37,1517273114,0,-30,0,1,27,4
0x03069900000000000000ab37,1517273114,0,-30,0,1,27,4
0x03069900000000000000ab37,1517273114,0,-30,0,1,27,4
0x03069900000000000000ab37,1517273114,0,-30,0,1,27,4
0x03069900000000000000ab37,1517273116,0,-30,0,1,27,4
0x03069900000000000000ab37,1517273116,0,-30,0,1,27,4
0x03069900000000000000ab37,1517273117,0,-30,0,1,27,4
0x03069900000000000000ab37,1517273117,0,-30,0,1,27,4
0x03069900000000000000ab37,1517273127,0,-30,0,1,27,4
0x03069900000000000000ab37,1517273127,0,-30,0,1,27,4
0x03069900000000000000ab37,1517273133,0,-30,0,1,27,4
0x03069900000000000000ab37,1517273133,0,-30,0,1,27,4
0x03069900000000000000ab37,1517273138,0,-30,0,1,27,4
0x03069900000000000000ab37,1517273138,0,-30,0,1,27,4
0x108010249013603152393241,1517273087,0,-35,0,1,27,1
0x108010249013603152393241,1517273087,0,-35,0,1,27,1
0x108010249013603152393241,1517273099,0,-34,0,1,27,1
0x108010249013603152393241,1517273099,0,-35,0,1,27,1
0x108010249013603152393241,1517273134,0,-34,0,1,27,1
0x108010249013603152393241,1517273134,0,-35,0,1,27,1
0x107010145263633097591869,1517273087,0,-32,0,1,27,3
0x107010145263633097591869,1517273087,0,-32,0,1,27,3
0x107010145263633097591869,1517273088,0,-31,0,1,27,4
0x107010145263633097591869,1517273088,0,-31,0,1,27,4
0x107010145263633097591869,1517273096,0,-32,0,1,27,4
0x107010145263633097591869,1517273096,0,-32,0,1,27,4
0x107010145263633097591869,1517273122,0,-31,0,1,27,4
0x107010145263633097591869,1517273122,0,-32,0,1,27,4
0x107010145263633097591869,1517273122,0,-31,0,1,27,4
0x107010145263633097591869,1517273131,0,-31,0,1,27,4
0x107010145263633097591869,1517273131,0,-31,0,1,27,4
0x110010349835865093194945,1517273088,0,-35,0,1,27,1
0x110010349835865093194945,1517273088,0,-35,0,1,27,1
0x110010349835865093194945,1517273105,0,-35,0,1,27,1
0x110010349835865093194945,1517273105,0,-35,0,1,27,1
0x108010249015513382523249,1517273088,0,-33,0,1,27,4
0x108010249015513382523249,1517273088,0,-33,0,1,27,4
0x108040449021240709683666,1517273088,0,-35,0,1,27,1
0x108040449021240709683666,1517273088,0,-35,0,1,27,1
0x108010249015513382523248,1517273089,0,-34,0,1,27,4
0x109010249870350901134144,1517273089,0,-37,0,1,27,2
0x109010249870350901134144,1517273089,0,-37,0,1,27,2
0x106020349010851617841857,1517273089,0,-34,0,1,27,1
0x106020349010851617841857,1517273091,0,-34,0,1,27,1
0x106020349010851617841857,1517273091,0,-34,0,1,27,1
0x106020349010851617841857,1517273098,0,-34,0,1,27,1
0x106020349010851617841857,1517273098,0,-35,0,1,27,1
0x106020349010851617841857,1517273139,0,-34,0,1,27,1
0x106020349010851617841857,1517273139,0,-34,0,1,27,1
0x109070149010012828834528,1517273090,0,-35,0,1,27,2
0x109070149010012828834528,1517273090,0,-35,0,1,27,2
0x109070149010012828834528,1517273105,0,-34,0,1,27,2
0x109070149010012828834528,1517273105,0,-35,0,1,27,2
0x107010145263633097591872,1517273091,0,-32,0,1,27,1
0x107010145263633097591872,1517273091,0,-32,0,1,27,1
0x107010145263633097591872,1517273092,0,-32,0,1,27,1
0x107010145263633097591872,1517273093,0,-32,0,1,27,1
0x107010145263633097591872,1517273093,0,-32,0,1,27,1
0x107010145263633097591872,1517273094,0,-32,0,1,27,1
0x107010145263633097591872,1517273094,0,-32,0,1,27,1
0x107010145263633097591872,1517273095,0,-32,0,1,27,1
0x107010145263633097591872,1517273099,0,-32,0,1,27,1
0x107010145263633097591872,1517273099,0,-32,0,1,27,1
0x107010145263633097591872,1517273104,0,-32,0,1,27,1
0x107010145263633097591872,1517273104,0,-32,0,1,27,1
0x107010145263633097591872,1517273105,0,-32,0,1,27,1
0x107010145263633097591872,1517273105,0,-32,0,1,27,1
0x107010145263633097591872,1517273105,0,-32,0,1,27,1
0x107010145263633097591872,1517273105,0,-32,0,1,27,1
0x107010145263633097591872,1517273108,0,-32,0,1,27,1
0x107010145263633097591872,1517273108,0,-32,0,1,27,1
0x107010145263633097591872,1517273109,0,-32,0,1,27,1
0x107010145263633097591872,1517273109,0,-32,0,1,27,1
0x107010145263633097591872,1517273110,0,-32,0,1,27,1
0x107010145263633097591872,1517273110,0,-32,0,1,27,1
0x107010145263633097591872,1517273111,0,-32,0,1,27,1
0x107010145263633097591872,1517273112,0,-32,0,1,27,1
0x107010145263633097591872,1517273112,0,-33,0,1,27,4
0x107010145263633097591872,1517273112,0,-32,0,1,27,1
0x107010145263633097591872,1517273114,0,-32,0,1,27,1
0x107010145263633097591872,1517273115,0,-32,0,1,27,1
0x107010145263633097591872,1517273115,0,-32,0,1,27,1
0x107010145263633097591872,1517273116,0,-33,0,1,27,4
0x107010145263633097591872,1517273116,0,-32,0,1,27,1
0x107010145263633097591872,1517273119,0,-32,0,1,27,1
0x107010145263633097591872,1517273119,0,-32,0,1,27,1
0x107010145263633097591872,1517273119,0,-32,0,1,27,1
0x107010145263633097591872,1517273120,0,-32,0,1,27,1
0x107010145263633097591872,1517273121,0,-32,0,1,27,1
0x107010145263633097591872,1517273121,0,-32,0,1,27,1
0x107010145263633097591872,1517273125,0,-32,0,1,27,1
0x107010145263633097591872,1517273125,0,-32,0,1,27,1
0x107010145263633097591872,1517273128,0,-32,0,1,27,1
0x107010145263633097591872,1517273129,0,-32,0,1,27,1
0x107010145263633097591872,1517273129,0,-32,0,1,27,1
0x107010145263633097591872,1517273130,0,-32,0,1,27,1
0x107010145263633097591872,1517273130,0,-32,0,1,27,1
0x107010145263633097591872,1517273134,0,-32,0,1,27,1
0x107010145263633097591872,1517273134,0,-32,0,1,27,1
0x107010145263633097591872,1517273137,0,-32,0,1,27,1
0x107010145263633097591872,1517273137,0,-32,0,1,27,1
0x107010145263633097591872,1517273139,0,-32,0,1,27,1
0x107010145263633097591872,1517273139,0,-32,0,1,27,1
0x107010145263633097591872,1517273140,0,-32,0,1,27,1
0x107010145263633097591872,1517273140,0,-32,0,1,27,1
0x107010145263633097591872,1517273140,0,-32,0,1,27,1
0x107010145263633097591872,1517273140,0,-32,0,1,27,1
0x108030449907673512233553,1517273092,0,-34,0,1,27,1
0x108030449907673512233553,1517273092,0,-34,0,1,27,1
0x108030449907673512233553,1517273093,0,-34,0,1,27,1
0x108030449907673512233553,1517273093,0,-34,0,1,27,1
0x108030449907673512233553,1517273094,0,-34,0,1,27,2
0x108030449907673512233553,1517273094,0,-33,0,1,27,2
0x108030449907673512233553,1517273094,0,-34,0,1,27,2
0x108030449907673512233553,1517273094,0,-34,0,1,27,2
0x108030449907673512233553,1517273104,0,-35,0,1,27,2
0x108030449907673512233553,1517273104,0,-35,0,1,27,2
0x108030449907673512233553,1517273108,0,-35,0,1,27,1
0x108030449907673512233553,1517273108,0,-34,0,1,27,1
0x108030449907673512233553,1517273128,0,-34,0,1,27,1
0x108030449907673512233553,1517273128,0,-34,0,1,27,1
0x108030449907673512233553,1517273129,0,-34,0,1,27,1
0x108030449907673512233553,1517273130,0,-34,0,1,27,1
0x108030449907673512233553,1517273130,0,-34,0,1,27,1
0x108030449907673512233553,1517273134,0,-34,0,1,27,1
0x108030449907673512233553,1517273139,0,-34,0,1,27,1
0x108030149015404118813503,1517273093,0,-34,0,1,27,1
0x107050149872411392482307,1517273096,0,-33,0,1,27,2
0x107050149872411392482307,1517273103,0,-34,0,1,27,2
0x107050149872411392482307,1517273122,0,-34,0,1,27,2
0x107050149872411392482307,1517273130,0,-34,0,1,27,2
0x107050149872411392482307,1517273130,0,-34,0,1,27,2
0x107010145263633097591871,1517273096,0,-35,0,1,27,2
0x107010145263633097591871,1517273096,0,-34,0,1,27,2
0x107010449013305354211896,1517273097,0,-35,0,1,27,2
0x107010449013305354211896,1517273097,0,-36,0,1,27,3
0x107010449013305354211896,1517273100,0,-34,0,1,27,4
0x107010449013305354211896,1517273100,0,-34,0,1,27,4
0x107010449013305354211896,1517273115,0,-34,0,1,27,4
0x107010449013305354211896,1517273115,0,-34,0,1,27,4
0x000000000000000000004002,1517273097,0,-34,0,1,27,2
0x000000000000000000004002,1517273108,0,-33,0,1,27,2
0x000000000000000000004002,1517273108,0,-33,0,1,27,2
0x000000000000000000004002,1517273111,0,-34,0,1,27,2
0x000000000000000000004002,1517273111,0,-34,0,1,27,2
0x000000000000000000004002,1517273116,0,-33,0,1,27,2
0x000000000000000000004002,1517273116,0,-33,0,1,27,2
0x000000000000000000004002,1517273119,0,-33,0,1,27,2
0x000000000000000000004002,1517273119,0,-33,0,1,27,2
0x000000000000000000004002,1517273131,0,-33,0,1,27,2
0x000000000000000000004002,1517273131,0,-33,0,1,27,2
0x000000000000000000004002,1517273138,0,-33,0,1,27,2
0x000000000000000000004002,1517273138,0,-33,0,1,27,2
0x000000000000000000004002,1517273140,0,-35,0,1,27,1
0x108010449015513669103278,1517273098,0,-34,0,1,27,1
0x108010449015513669103278,1517273117,0,-34,0,1,27,1
0x108010449015513669103278,1517273122,0,-35,0,1,27,1
0x108010449015513669103278,1517273122,0,-35,0,1,27,1
0x108010449015513669103278,1517273123,0,-34,0,1,27,2
0x108010449015513669103278,1517273123,0,-34,0,1,27,2
0x108010449015513669103278,1517273129,0,-34,0,1,27,2
0x108010449015513669103278,1517273129,0,-34,0,1,27,2
0x109010149027506689804126,1517273098,0,-36,0,1,27,2
0x109010149027506689804126,1517273098,0,-36,0,1,27,2
0x109010149027506689804126,1517273107,0,-36,0,1,27,2
0x108010149027770798513226,1517273098,0,-32,0,1,27,4
0x108010149027770798513226,1517273113,0,-35,0,1,27,1
0x108010149027770798513226,1517273113,0,-35,0,1,27,1
0x108010149027770798513226,1517273118,0,-35,0,1,27,1
0x108010149027770798513226,1517273126,0,-34,0,1,27,1
0x108010149027770798513226,1517273127,0,-34,0,1,27,1
0x108010149027770798513226,1517273128,0,-32,0,1,27,4
0x108010149027770798513226,1517273138,0,-32,0,1,27,4
0x108010149027770798513226,1517273138,0,-32,0,1,27,4
0x107010449013305354211892,1517273099,0,-34,0,1,27,2
0x107010449013305354211892,1517273102,0,-34,0,1,27,2
0x107010449013305354211892,1517273102,0,-34,0,1,27,2
0x107010145263633097661863,1517273103,0,-32,0,1,27,3
0x107010145263633097661863,1517273103,0,-32,0,1,27,3
0x107010145263633097661863,1517273104,0,-32,0,1,27,3
0x107010145263633097661863,1517273104,0,-32,0,1,27,3
0x107010145263633097661863,1517273106,0,-33,0,1,27,4
0x107010145263633097661863,1517273106,0,-33,0,1,27,4
0x107010145263633097661863,1517273106,0,-32,0,1,27,3
0x107010145263633097661863,1517273113,0,-32,0,1,27,3
0x107010145263633097661863,1517273113,0,-32,0,1,27,3
0x107010145263633097661863,1517273116,0,-32,0,1,27,3
0x107010145263633097661863,1517273116,0,-32,0,1,27,3
0x107010145263633097661863,1517273123,0,-35,0,1,27,2
0x107010145263633097661863,1517273123,0,-36,0,1,27,2
0x108010149872360088493237,1517273105,0,-36,0,1,27,1
0x108010149872360088493237,1517273105,0,-36,0,1,27,1
0x108010149872360088493237,1517273106,0,-32,0,1,27,3
0x108010149872360088493237,1517273106,0,-30,0,1,27,3
0x108010149872360088493237,1517273106,0,-32,0,1,27,3
0x108010149872360088493237,1517273106,0,-32,0,1,27,3
0x108010149872360088493237,1517273114,0,-32,0,1,27,3
0x108010149872360088493237,1517273114,0,-32,0,1,27,3
0x108010149872360088493237,1517273115,0,-32,0,1,27,3
0x108010149872360088493237,1517273115,0,-32,0,1,27,3
0x108010149872360088493237,1517273122,0,-36,0,1,27,1
0x108010149872360088493237,1517273122,0,-36,0,1,27,1
0x108010149872360088493237,1517273123,0,-32,0,1,27,3
0x108010149872360088493237,1517273123,0,-32,0,1,27,3
0x108010149872360088493237,1517273137,0,-36,0,1,27,1
0x108010149872360088493237,1517273137,0,-32,0,1,27,3
0x108010149872360088493237,1517273137,0,-32,0,1,27,3
0x108030249016740038843524,1517273106,0,-34,0,1,27,4
0x107010145263633097661864,1517273107,0,-30,0,1,27,4
0x107010145263633097661864,1517273107,0,-30,0,1,27,4
0x107010145263633097661864,1517273116,0,-30,0,1,27,4
0x107010145263633097661864,1517273116,0,-30,0,1,27,4
0x107010145263633097661864,1517273119,0,-30,0,1,27,4
0x107010145263633097661864,1517273121,0,-30,0,1,27,4
0x107010145263633097661864,1517273121,0,-31,0,1,27,4
0x107010145263633097661864,1517273128,0,-30,0,1,27,4
0x107010145263633097661864,1517273128,0,-30,0,1,27,4
0x107010145263633097661864,1517273130,0,-30,0,1,27,4
0x107010145263633097661864,1517273130,0,-30,0,1,27,4
0x107010145263633097661864,1517273132,0,-30,0,1,27,4
0x107010145263633097661864,1517273132,0,-30,0,1,27,4
0x107010145263633097661864,1517273133,0,-30,0,1,27,4
0x107010145263633097661864,1517273134,0,-30,0,1,27,4
0x107010145263633097661864,1517273136,0,-30,0,1,27,4
0x107010145263633097661864,1517273137,0,-30,0,1,27,4
0x107010145263633097661864,1517273140,0,-30,0,1,27,4
0x107010145263633097661864,1517273140,0,-30,0,1,27,4
0x107010145263633097661864,1517273140,0,-30,0,1,27,4
0x107010145263633097661864,1517273141,0,-30,0,1,27,4
0x110010349835865093194944,1517273110,0,-36,0,1,27,2
0x108030349706942659303534,1517273111,0,-35,0,1,27,2
0x108030349706942659303534,1517273111,0,-36,0,1,27,2
0x106010145824091879101798,1517273113,0,-35,0,1,27,2
0x107010349013305353841884,1517273116,0,-33,0,1,27,3
0x000000000000000000004001,1517273118,0,-33,0,1,27,4
0x000000000000000000004001,1517273118,0,-33,0,1,27,4
0x107070349013012909222591,1517273118,0,-36,0,1,27,1
0x107070349013012909222591,1517273119,0,-36,0,1,27,1
0x107070349013012909222591,1517273140,0,-36,0,1,27,1
0x107070349013012909222591,1517273140,0,-35,0,1,27,1
0x106020349010851617841853,1517273120,0,-34,0,1,27,3
0x106020349010851617841853,1517273131,0,-33,0,1,27,3
0x106020349010851617841853,1517273131,0,-34,0,1,27,3
0x110010349835865102614942,1517273122,0,-35,0,1,27,2
0x107050145821872601572314,1517273124,0,-35,0,1,27,3
0x107050145821872601572314,1517273124,0,-35,0,1,27,3
0x107010549013305354071901,1517273126,0,-35,0,1,27,2
0x107010549013305354071901,1517273126,0,-35,0,1,27,2
0x107010549013305354071901,1517273127,0,-32,0,1,27,3
0x107010549013305354071901,1517273127,0,-32,0,1,27,3
0x107010549013305354071901,1517273129,0,-35,0,1,27,1
0x107010349013305354381891,1517273126,0,-36,0,1,27,2
0x107010349013305354381891,1517273126,0,-37,0,1,27,2
0x108010349468425256763269,1517273133,0,-36,0,1,27,4
0x108010349468425256763269,1517273133,0,-36,0,1,27,4
0x107010249018591604251876,1517273133,0,-35,0,1,27,2
0x107010249018591604251876,1517273137,0,-35,0,1,27,2
